test_date,test_timestamp,playername,team,leftMaxForce,rightMaxForce,avg_max_force_asymmetry,leftTorque,rightTorque,avg_torque_asymmetry,accel_load_accum,distance_total,accel_distance_test_date,accel_distance_timestamp
3/28/2022,3/28/2022 17:50,PLAYER_1114,Mens Soccer,364,360.5,0.483091787,155.61,154.11375,0.483091787,901.433741,7487.268712,3/28/2022,3/28/2022 15:00
3/28/2022,3/28/2022 17:46,PLAYER_1191,Mens Soccer,399.5,390.75,1.107244543,152.80875,149.461875,1.107244543,989.73926,7667.276983,3/28/2022,3/28/2022 15:00
3/28/2022,3/28/2022 17:42,PLAYER_137,Mens Soccer,334.75,342.5,-1.144333702,146.118375,149.50125,-1.144333702,1186.663474,9503.898488,3/28/2022,3/28/2022 15:00
4/18/2022,4/18/2022 17:46,PLAYER_1114,Mens Soccer,388.75,364,3.287944205,166.190625,155.61,3.287944205,929.730252,8413.833478,4/18/2022,4/18/2022 15:00
4/18/2022,4/18/2022 17:45,PLAYER_1191,Mens Soccer,380.75,343.25,5.179558011,145.636875,131.293125,5.179558011,1051.036222,8082.926256,4/18/2022,4/18/2022 15:00
4/18/2022,4/18/2022 17:37,PLAYER_137,Mens Soccer,381.5,392,-1.357466063,166.52475,171.108,-1.357466063,1484.18129,10297.78079,4/18/2022,4/18/2022 15:00
4/27/2022,4/27/2022 14:35,PLAYER_218,Womens Soccer,315.5,311.25,0.678101316,126.35775,124.655625,0.678101316,859.095875,7275.972821,4/27/2022,4/27/2022 12:30
4/27/2022,4/27/2022 14:59,PLAYER_792,Womens Soccer,311.5,311.75,-0.040112314,130.36275,130.467375,-0.040112314,471.254341,3642.302653,4/27/2022,4/27/2022 12:30
4/27/2022,4/27/2022 14:54,PLAYER_897,Womens Soccer,299.25,280.75,3.189655172,125.236125,117.493875,3.189655172,730.646382,5433.680416,4/27/2022,4/27/2022 12:30
7/6/2022,7/6/2022 18:29,PLAYER_1186,Mens Basketball,304.5,296.5,1.331114809,149.35725,145.43325,1.331114809,485.768655,3285.455968,7/6/2022,7/6/2022 16:30
7/6/2022,7/6/2022 18:34,PLAYER_755,Mens Basketball,320.5,274.5,7.731092437,171.62775,146.99475,7.731092437,406.633599,3201.765947,7/6/2022,7/6/2022 16:30
7/19/2022,7/19/2022 18:44,PLAYER_1186,Mens Basketball,376.75,357.25,2.656675749,174.623625,165.585375,2.656675749,483.78681,3290.976431,7/19/2022,7/19/2022 11:00
7/19/2022,7/19/2022 18:34,PLAYER_557,Mens Basketball,346.5,335.5,1.612903226,160.60275,155.50425,1.612903226,443.385269,3003.386075,7/19/2022,7/19/2022 11:00
7/19/2022,7/19/2022 18:32,PLAYER_755,Mens Basketball,337.5,279.75,9.356014581,180.73125,149.806125,9.356014581,417.514201,3215.584996,7/19/2022,7/19/2022 11:00
7/28/2022,7/28/2022 12:24,PLAYER_084,Womens Soccer,208,217.5,-2.23266745,87.048,91.02375,-2.23266745,255.025142,2627.716734,7/28/2022,7/28/2022 11:00
7/28/2022,7/28/2022 12:21,PLAYER_115,Womens Soccer,156.75,149.25,2.450980392,67.010625,63.804375,2.450980392,289.118057,2923.970895,7/28/2022,7/28/2022 11:00
7/28/2022,7/28/2022 12:19,PLAYER_745,Womens Soccer,256.5,306.5,-8.880994671,88.87725,106.20225,-8.880994671,258.238695,2997.037767,7/28/2022,7/28/2022 11:00
8/5/2022,8/5/2022 13:14,PLAYER_084,Womens Soccer,214.75,218.25,-0.808314088,89.872875,91.337625,-0.808314088,684.494999,5798.128043,8/5/2022,8/5/2022 11:30
8/5/2022,8/5/2022 13:17,PLAYER_1094,Womens Soccer,307.75,278,5.0789586,131.563125,118.845,5.0789586,669.547111,5734.38072,8/5/2022,8/5/2022 11:30
8/5/2022,8/5/2022 13:16,PLAYER_115,Womens Soccer,219.75,187.5,7.918968692,93.943125,80.15625,7.918968692,622.609164,5533.685241,8/5/2022,8/5/2022 11:30
8/5/2022,8/5/2022 13:34,PLAYER_218,Womens Soccer,309,282.75,4.43599493,123.7545,113.241375,4.43599493,631.374861,4634.460948,8/5/2022,8/5/2022 11:30
8/5/2022,8/5/2022 13:27,PLAYER_457,Womens Soccer,289.25,358,-10.62186172,118.447875,146.601,-10.62186172,576.383435,4541.783632,8/5/2022,8/5/2022 11:30
8/5/2022,8/5/2022 13:36,PLAYER_745,Womens Soccer,265.25,300.5,-6.230667256,91.909125,104.12325,-6.230667256,711.511585,6695.136186,8/5/2022,8/5/2022 11:30
8/5/2022,8/5/2022 13:20,PLAYER_780,Womens Soccer,272.5,299,-4.636920385,128.75625,141.2775,-4.636920385,594.02957,4684.950291,8/5/2022,8/5/2022 11:30
8/5/2022,8/5/2022 13:29,PLAYER_792,Womens Soccer,301,296,0.837520938,125.9685,123.876,0.837520938,583.836944,4520.609911,8/5/2022,8/5/2022 11:30
8/5/2022,8/5/2022 13:31,PLAYER_944,Womens Soccer,274.5,270,0.826446281,104.99625,103.275,0.826446281,646.436049,5475.958334,8/5/2022,8/5/2022 11:30
8/6/2022,8/6/2022 13:25,PLAYER_685,Womens Soccer,228.75,235,-1.347708895,95.731875,98.3475,-1.347708895,656.023142,6338.212529,8/6/2022,8/6/2022 11:20
8/6/2022,8/6/2022 13:28,PLAYER_896,Womens Soccer,332.75,348.75,-2.347762289,166.208625,174.200625,-2.347762289,495.710779,3732.574485,8/6/2022,8/6/2022 11:20
8/8/2022,8/8/2022 18:29,PLAYER_1186,Mens Basketball,396.25,360,4.79338843,183.661875,166.86,4.79338843,526.231234,3304.62976,8/8/2022,8/8/2022 17:00
8/8/2022,8/8/2022 18:32,PLAYER_557,Mens Basketball,350.75,310.5,6.086956522,162.572625,143.91675,6.086956522,438.616377,2966.689712,8/8/2022,8/8/2022 17:00
8/8/2022,8/8/2022 18:25,PLAYER_755,Mens Basketball,364,302.75,9.186351706,194.922,162.122625,9.186351706,416.037755,3147.750203,8/8/2022,8/8/2022 17:00
8/10/2022,8/10/2022 14:44,PLAYER_1077,Mens Soccer,333.5,328.75,0.717251793,124.56225,122.788125,0.717251793,898.529934,7150.743258,8/10/2022,8/10/2022 20:30
8/10/2022,8/10/2022 14:46,PLAYER_1114,Mens Soccer,373.5,397,-3.049967554,159.67125,169.7175,-3.049967554,694.137094,6242.936397,8/10/2022,8/10/2022 20:30
8/10/2022,8/10/2022 14:31,PLAYER_1191,Mens Soccer,409,390.25,2.345949327,156.4425,149.270625,2.345949327,973.525312,7597.785078,8/10/2022,8/10/2022 20:30
8/10/2022,8/10/2022 14:34,PLAYER_1196,Mens Soccer,413,419.75,-0.810567397,195.1425,198.331875,-0.810567397,865.815047,6979.529099,8/10/2022,8/10/2022 20:30
8/10/2022,8/10/2022 14:33,PLAYER_137,Mens Soccer,312.25,323.5,-1.769563508,136.297125,141.20775,-1.769563508,785.558018,6738.825286,8/10/2022,8/10/2022 20:30
8/10/2022,8/10/2022 14:28,PLAYER_617,Mens Soccer,476.75,502.75,-2.654415518,220.973625,233.024625,-2.654415518,665.401235,4808.492595,8/10/2022,8/10/2022 20:30
8/10/2022,8/10/2022 14:41,PLAYER_902,Mens Soccer,282,366.5,-13.03006939,115.479,150.08175,-13.03006939,712.139796,5838.108675,8/10/2022,8/10/2022 20:30
8/12/2022,8/12/2022 13:27,PLAYER_115,Womens Soccer,219,209.75,2.157434402,89.6805,85.892625,2.157434402,557.344247,5418.692992,8/12/2022,8/12/2022 11:25
8/12/2022,8/12/2022 13:21,PLAYER_457,Womens Soccer,317.5,336,-2.830910482,130.01625,137.592,-2.830910482,507.695214,4668.852154,8/12/2022,8/12/2022 11:25
8/12/2022,8/12/2022 13:23,PLAYER_745,Womens Soccer,248.25,263.25,-2.93255132,86.018625,91.216125,-2.93255132,409.292978,4036.947845,8/12/2022,8/12/2022 11:25
8/24/2022,8/24/2022 17:07,PLAYER_1128,Womens Basketball,342,274,11.03896104,149.283,119.601,11.03896104,479.052361,3602.601778,8/24/2022,8/24/2022 11:50
8/30/2022,8/30/2022 18:00,PLAYER_084,Womens Soccer,268,282.25,-2.58973194,112.158,118.121625,-2.58973194,664.199873,6064.021126,8/30/2022,8/30/2022 15:55
8/30/2022,8/30/2022 17:59,PLAYER_1094,Womens Soccer,305.5,294.25,1.875781576,130.60125,125.791875,1.875781576,751.07605,7296.627286,8/30/2022,8/30/2022 15:55
8/30/2022,8/30/2022 17:57,PLAYER_115,Womens Soccer,236.25,226,2.217414819,96.744375,92.547,2.217414819,656.9051,6372.00547,8/30/2022,8/30/2022 15:55
8/30/2022,8/30/2022 18:16,PLAYER_218,Womens Soccer,311.75,295.5,2.675998353,124.855875,118.34775,2.675998353,611.908354,5313.30922,8/30/2022,8/30/2022 15:55
8/30/2022,8/30/2022 18:12,PLAYER_457,Womens Soccer,335.5,331,0.675168792,137.38725,135.5445,0.675168792,504.868715,4644.567314,8/30/2022,8/30/2022 15:55
8/30/2022,8/30/2022 18:21,PLAYER_685,Womens Soccer,256.75,239.5,3.476070529,107.449875,100.23075,3.476070529,676.377573,6243.171717,8/30/2022,8/30/2022 15:55
8/30/2022,8/30/2022 18:05,PLAYER_745,Womens Soccer,236,296,-11.27819549,81.774,102.564,-11.27819549,632.650075,6506.551302,8/30/2022,8/30/2022 15:55
8/30/2022,8/30/2022 18:04,PLAYER_780,Womens Soccer,388,371.5,2.172481896,183.33,175.53375,2.172481896,673.040966,5929.030121,8/30/2022,8/30/2022 15:55
8/30/2022,8/30/2022 18:08,PLAYER_792,Womens Soccer,303,295,1.337792642,126.8055,123.4575,1.337792642,655.314622,5607.408933,8/30/2022,8/30/2022 15:55
8/30/2022,8/30/2022 18:15,PLAYER_896,Womens Soccer,360.5,373.5,-1.771117166,180.06975,186.56325,-1.771117166,528.754729,4473.674854,8/30/2022,8/30/2022 15:55
9/2/2022,9/2/2022 17:46,PLAYER_745,Womens Soccer,245.5,307.25,-11.17141565,85.06575,106.462125,-11.17141565,377.395521,2904.245005,9/2/2022,9/2/2022 15:55
9/2/2022,9/2/2022 17:46,PLAYER_796,Womens Soccer,295.5,215.75,15.599022,107.70975,78.640875,15.599022,303.740895,2257.300974,9/2/2022,9/2/2022 15:55
9/2/2022,9/2/2022 17:48,PLAYER_944,Womens Soccer,268.25,282,-2.498864153,102.605625,107.865,-2.498864153,355.051805,2795.112803,9/2/2022,9/2/2022 15:55
9/9/2022,9/9/2022 12:34,PLAYER_1186,Mens Basketball,380.25,368.5,1.569282137,176.245875,170.79975,1.569282137,613.127368,4336.0581,9/9/2022,9/9/2022 17:00
9/9/2022,9/9/2022 12:39,PLAYER_557,Mens Basketball,433.75,472,-4.223019597,201.043125,218.772,-4.223019597,583.491274,4227.876492,9/9/2022,9/9/2022 17:00
9/9/2022,9/9/2022 12:35,PLAYER_755,Mens Basketball,314.5,285.75,4.78967097,168.41475,153.019125,4.78967097,472.189093,3602.639429,9/9/2022,9/9/2022 17:00
9/19/2022,9/19/2022 16:47,PLAYER_1128,Womens Basketball,337,267.5,11.49710505,147.1005,116.76375,11.49710505,743.20757,5634.79703,9/19/2022,9/19/2022 14:20
9/23/2022,9/23/2022 12:58,PLAYER_1186,Mens Basketball,376.5,364.25,1.653729328,174.50775,168.829875,1.653729328,561.923288,3808.982457,9/23/2022,9/23/2022 18:00
9/23/2022,9/23/2022 12:57,PLAYER_557,Mens Basketball,450.25,439.75,1.179775281,208.690875,203.824125,1.179775281,474.476471,3332.187109,9/23/2022,9/23/2022 18:00
9/23/2022,9/23/2022 12:48,PLAYER_755,Mens Basketball,340.75,308,5.048169557,182.471625,164.934,5.048169557,474.058071,3643.906328,9/23/2022,9/23/2022 18:00
9/24/2022,9/24/2022 12:43,PLAYER_745,Womens Soccer,250.25,286,-6.666666667,86.711625,99.099,-6.666666667,461.673474,4664.126887,9/24/2022,9/24/2022 12:50
9/28/2022,9/28/2022 14:19,PLAYER_617,Mens Soccer,450,457.5,-0.826446281,208.575,212.05125,-0.826446281,766.520462,6285.887974,9/28/2022,9/28/2022 18:00
9/29/2022,9/29/2022 14:35,PLAYER_137,Mens Soccer,299.5,310.5,-1.803278689,130.73175,135.53325,-1.803278689,707.500286,7149.893382,9/29/2022,9/29/2022 18:00
10/4/2022,10/4/2022 19:21,PLAYER_1186,Mens Basketball,376.25,338.5,5.281566981,174.391875,156.89475,5.281566981,770.939207,4766.897392,10/4/2022,10/4/2022 17:10
10/4/2022,10/4/2022 19:17,PLAYER_557,Mens Basketball,343,361.75,-2.660517914,158.9805,167.671125,-2.660517914,640.645817,4154.076739,10/4/2022,10/4/2022 17:10
10/4/2022,10/4/2022 19:11,PLAYER_755,Mens Basketball,330,290.5,6.365834005,176.715,155.56275,6.365834005,712.699457,5850.645844,10/4/2022,10/4/2022 17:10
10/19/2022,10/19/2022 11:09,PLAYER_719,Womens Soccer,204.5,145.25,16.94067191,81.90225,58.172625,16.94067191,435.55827,4243.3005,10/19/2022,10/19/2022 15:55
12/13/2022,12/13/2022 16:18,PLAYER_1128,Womens Basketball,383.25,285,14.70258137,167.288625,124.4025,14.70258137,399.126668,2438.345919,12/13/2022,12/13/2022 12:50
4/17/2023,4/17/2023 17:00,PLAYER_1128,Womens Basketball,208.75,248.75,-8.743169399,91.119375,108.579375,-8.743169399,983.356019,6854.253013,4/17/2023,4/17/2023 13:20
4/17/2023,4/17/2023 17:01,PLAYER_1128,Womens Basketball,356.25,299.5,8.654212734,155.503125,130.73175,8.654212734,983.356019,6854.253013,4/17/2023,4/17/2023 13:20
4/24/2023,4/24/2023 17:38,PLAYER_1079,Mens Basketball,509.25,444.75,6.761006289,236.037375,206.141625,6.761006289,398.872947,2975.35537,4/24/2023,4/24/2023 17:43
4/24/2023,4/24/2023 16:50,PLAYER_1128,Womens Basketball,367.75,308,8.842027377,160.522875,134.442,8.842027377,811.463974,5608.186509,4/24/2023,4/24/2023 13:20
6/26/2023,6/26/2023 15:52,PLAYER_154,Football,492,468.25,2.473314241,210.33,200.176875,2.473314241,378.420754,1735.647502,6/26/2023,6/26/2023 13:30
6/26/2023,6/26/2023 14:12,PLAYER_230,Football,427,380.5,5.758513932,209.4435,186.63525,5.758513932,347.673042,2623.832002,6/26/2023,6/26/2023 11:58
6/29/2023,6/29/2023 13:42,PLAYER_021,Football,551.75,499,5.02022365,240.838875,217.8135,5.02022365,0.36925,4.0098,6/29/2023,6/29/2023 11:58
6/29/2023,6/29/2023 14:20,PLAYER_093,Football,605,537.75,5.884926712,280.4175,249.247125,5.884926712,0.762333,5.3977,6/29/2023,6/29/2023 11:58
6/29/2023,6/29/2023 15:44,PLAYER_342,Football,562,541.75,1.834654587,255.429,246.225375,1.834654587,0.034418,0.8401,6/29/2023,6/29/2023 11:58
6/29/2023,6/29/2023 15:46,PLAYER_567,Football,509.5,597.5,-7.949412827,254.49525,298.45125,-7.949412827,0.035105,0.9209,6/29/2023,6/29/2023 11:58
7/10/2023,7/10/2023 12:11,PLAYER_1079,Mens Basketball,528,439,9.203722854,249.48,207.4275,9.203722854,435.470485,2991.409411,7/10/2023,7/10/2023 16:30
7/10/2023,7/10/2023 12:06,PLAYER_1186,Mens Basketball,388.25,361.75,3.533333333,179.953875,167.671125,3.533333333,485.787106,3621.041899,7/10/2023,7/10/2023 16:30
7/10/2023,7/10/2023 12:05,PLAYER_755,Mens Basketball,389.5,326.5,8.798882682,208.57725,174.84075,8.798882682,513.937522,4050.186812,7/10/2023,7/10/2023 16:30
7/11/2023,7/11/2023 13:50,PLAYER_021,Football,581,502.75,7.220299885,253.6065,219.450375,7.220299885,262.595357,1280.709055,7/11/2023,7/11/2023 12:00
7/11/2023,7/11/2023 13:51,PLAYER_093,Football,575.25,590,-1.265822785,261.451125,268.155,-1.265822785,438.471886,1343.702917,7/11/2023,7/11/2023 12:00
7/11/2023,7/11/2023 14:01,PLAYER_154,Football,523.75,477.75,4.593110334,223.903125,204.238125,4.593110334,234.726333,1378.910889,7/11/2023,7/11/2023 12:00
7/11/2023,7/11/2023 13:23,PLAYER_230,Football,482,433.75,5.268905269,223.407,201.043125,5.268905269,265.469904,1585.687138,7/11/2023,7/11/2023 12:00
7/13/2023,7/13/2023 15:06,PLAYER_1129,Football,225,243.75,-4,108.3375,117.365625,-4,347.210166,1814.052001,7/13/2023,7/13/2023 13:30
7/13/2023,7/13/2023 15:06,PLAYER_1129,Football,270.25,311,-7.010752688,130.125375,149.7465,-7.010752688,347.210166,1814.052001,7/13/2023,7/13/2023 13:30
7/13/2023,7/13/2023 15:07,PLAYER_1129,Football,233.5,284.75,-9.889049686,112.43025,137.107125,-9.889049686,347.210166,1814.052001,7/13/2023,7/13/2023 13:30
7/13/2023,7/13/2023 14:58,PLAYER_154,Football,440.5,263.25,25.18650089,188.31375,112.539375,25.18650089,507.503528,1905.167002,7/13/2023,7/13/2023 13:30
7/13/2023,7/13/2023 14:58,PLAYER_154,Football,350.75,263.25,14.25081433,149.945625,112.539375,14.25081433,507.503528,1905.167002,7/13/2023,7/13/2023 13:30
7/13/2023,7/13/2023 14:58,PLAYER_154,Football,342.5,248.75,15.85623679,146.41875,106.340625,15.85623679,507.503528,1905.167002,7/13/2023,7/13/2023 13:30
7/13/2023,7/13/2023 15:22,PLAYER_342,Football,469.75,471.25,-0.159404888,234.640125,235.389375,-0.159404888,596.772629,1961.623801,7/13/2023,7/13/2023 13:30
7/13/2023,7/13/2023 15:23,PLAYER_342,Football,407.5,414.25,-0.821417706,203.54625,206.917875,-0.821417706,596.772629,1961.623801,7/13/2023,7/13/2023 13:30
7/13/2023,7/13/2023 15:23,PLAYER_342,Football,320,306.75,2.114080574,159.84,153.221625,2.114080574,596.772629,1961.623801,7/13/2023,7/13/2023 13:30
7/13/2023,7/13/2023 15:20,PLAYER_567,Football,684.25,692.5,-0.599237334,335.624625,339.67125,-0.599237334,521.02325,1421.964001,7/13/2023,7/13/2023 13:30
7/13/2023,7/13/2023 15:20,PLAYER_567,Football,537.25,487.75,4.829268293,263.521125,239.241375,4.829268293,521.02325,1421.964001,7/13/2023,7/13/2023 13:30
7/13/2023,7/13/2023 15:20,PLAYER_567,Football,547,377.75,18.30224385,268.3035,185.286375,18.30224385,521.02325,1421.964001,7/13/2023,7/13/2023 13:30
7/17/2023,7/17/2023 12:57,PLAYER_084,Womens Soccer,340,265.75,12.25753199,142.29,111.216375,12.25753199,244.036551,2251.68382,7/17/2023,7/17/2023 11:58
7/17/2023,7/17/2023 12:56,PLAYER_1094,Womens Soccer,338,319.75,2.774610414,144.495,136.693125,2.774610414,225.454559,2157.641421,7/17/2023,7/17/2023 11:58
7/17/2023,7/17/2023 12:58,PLAYER_115,Womens Soccer,262.75,241,4.317617866,107.596125,98.6895,4.317617866,235.191583,2189.018246,7/17/2023,7/17/2023 11:58
7/17/2023,7/17/2023 13:02,PLAYER_1152,Womens Soccer,302.25,293.75,1.426174497,123.771375,120.290625,1.426174497,0.230967,,7/17/2023,7/17/2023 11:58
7/17/2023,7/17/2023 12:47,PLAYER_218,Womens Soccer,337,305,4.984423676,134.9685,122.1525,4.984423676,216.912372,1860.628892,7/17/2023,7/17/2023 11:58
7/17/2023,7/17/2023 11:34,PLAYER_457,Womens Soccer,238,228.5,2.036441586,97.461,93.57075,2.036441586,201.580667,1856.735074,7/17/2023,7/17/2023 11:58
7/17/2023,7/17/2023 11:40,PLAYER_457,Womens Soccer,247.25,254,-1.346633416,101.248875,104.013,-1.346633416,201.580667,1856.735074,7/17/2023,7/17/2023 11:58
7/17/2023,7/17/2023 12:44,PLAYER_685,Womens Soccer,323,296.25,4.319741623,135.1755,123.980625,4.319741623,230.357988,2019.854869,7/17/2023,7/17/2023 11:58
7/17/2023,7/17/2023 11:38,PLAYER_719,Womens Soccer,231,179.75,12.4771759,92.5155,71.989875,12.4771759,217.643873,2223.140638,7/17/2023,7/17/2023 11:58
7/17/2023,7/17/2023 13:00,PLAYER_796,Womens Soccer,345.25,261.75,13.75617792,125.843625,95.407875,13.75617792,233.934187,2200.428679,7/17/2023,7/17/2023 11:58
7/17/2023,7/17/2023 11:37,PLAYER_803,Womens Soccer,199.75,211.5,-2.857142857,74.606625,78.99525,-2.857142857,234.891257,2703.475785,7/17/2023,7/17/2023 11:58
7/17/2023,7/17/2023 12:48,PLAYER_944,Womens Soccer,330.25,313.25,2.641802642,126.320625,119.818125,2.641802642,251.595805,2332.948319,7/17/2023,7/17/2023 11:58
7/19/2023,7/19/2023 13:14,PLAYER_084,Womens Soccer,219.5,188.5,7.598039216,91.86075,78.88725,7.598039216,256.729549,2303.991033,7/19/2023,7/19/2023 11:59
7/19/2023,7/19/2023 13:13,PLAYER_1094,Womens Soccer,258.5,224.25,7.094769549,110.50875,95.866875,7.094769549,236.978888,2237.717835,7/19/2023,7/19/2023 11:59
7/19/2023,7/19/2023 13:03,PLAYER_115,Womens Soccer,161.5,139,7.487520799,66.13425,56.9205,7.487520799,242.17538,2221.798474,7/19/2023,7/19/2023 11:59
7/19/2023,7/19/2023 13:07,PLAYER_218,Womens Soccer,298.25,196,20.68791098,119.449125,78.498,20.68791098,222.975415,1888.289209,7/19/2023,7/19/2023 11:59
7/19/2023,7/19/2023 12:56,PLAYER_457,Womens Soccer,339.75,327.5,1.835893593,139.127625,134.11125,1.835893593,217.175115,1914.99589,7/19/2023,7/19/2023 11:59
7/19/2023,7/19/2023 13:01,PLAYER_685,Womens Soccer,213.75,270.75,-11.76470588,89.454375,113.308875,-11.76470588,262.908449,2271.456546,7/19/2023,7/19/2023 11:59
7/19/2023,7/19/2023 12:55,PLAYER_719,Womens Soccer,324.75,280.25,7.355371901,130.062375,112.240125,7.355371901,243.416328,2112.647495,7/19/2023,7/19/2023 11:59
7/19/2023,7/19/2023 13:11,PLAYER_780,Womens Soccer,305,386.5,-11.78597252,144.1125,182.62125,-11.78597252,246.692701,2092.641987,7/19/2023,7/19/2023 11:59
7/19/2023,7/19/2023 13:09,PLAYER_796,Womens Soccer,176.5,187.75,-3.088538092,64.33425,68.434875,-3.088538092,244.41726,2164.526584,7/19/2023,7/19/2023 11:59
7/19/2023,7/19/2023 13:17,PLAYER_803,Womens Soccer,315,294.5,3.363412633,117.6525,109.99575,3.363412633,228.365171,2306.135737,7/19/2023,7/19/2023 11:59
7/19/2023,7/19/2023 13:19,PLAYER_910,Womens Soccer,178.5,170.5,2.29226361,66.66975,63.68175,2.29226361,237.624267,2103.753616,7/19/2023,7/19/2023 11:59
7/19/2023,7/19/2023 13:02,PLAYER_944,Womens Soccer,200.25,218.5,-4.358208955,76.595625,83.57625,-4.358208955,267.438941,2435.498752,7/19/2023,7/19/2023 11:59
7/25/2023,7/25/2023 18:08,PLAYER_066,Mens Basketball,402,391.75,1.291338583,189.945,185.101875,1.291338583,510.207528,3919.366754,7/25/2023,7/25/2023 16:30
7/25/2023,7/25/2023 18:14,PLAYER_557,Mens Basketball,289.25,196.75,19.03292181,134.067375,91.193625,19.03292181,492.438528,3911.983961,7/25/2023,7/25/2023 16:30
7/25/2023,7/25/2023 17:59,PLAYER_755,Mens Basketball,236.5,225.75,2.325581395,126.64575,120.889125,2.325581395,478.824457,3843.091725,7/25/2023,7/25/2023 16:30
7/25/2023,7/25/2023 18:15,PLAYER_988,Mens Basketball,333,363.25,-4.34470377,166.3335,181.443375,-4.34470377,547.07497,4304.329837,7/25/2023,7/25/2023 16:30
7/26/2023,7/26/2023 13:14,PLAYER_052,Womens Soccer,171.5,200.5,-7.795698925,70.22925,82.10475,-7.795698925,335.17501,3346.737744,7/26/2023,7/26/2023 11:57
8/4/2023,8/4/2023 20:37,PLAYER_1129,Football,389,392,-0.384122919,187.3035,188.748,-0.384122919,490.053944,4721.021202,8/4/2023,8/4/2023 12:58
8/4/2023,8/4/2023 20:24,PLAYER_154,Football,365.75,297,10.37344398,156.358125,126.9675,10.37344398,529.955175,4854.666904,8/4/2023,8/4/2023 12:58
8/8/2023,8/8/2023 16:09,PLAYER_1077,Mens Soccer,280,256.75,4.331625524,104.58,95.896125,4.331625524,497.437774,4759.218498,8/8/2023,8/8/2023 14:24
8/8/2023,8/8/2023 15:47,PLAYER_1114,Mens Soccer,436,342.25,12.04625763,186.39,146.311875,12.04625763,535.193522,4747.804798,8/8/2023,8/8/2023 14:24
8/8/2023,8/8/2023 15:48,PLAYER_1196,Mens Soccer,400,376,3.092783505,189,177.66,3.092783505,498.430205,4309.412058,8/8/2023,8/8/2023 14:24
8/8/2023,8/8/2023 15:42,PLAYER_137,Mens Soccer,321.75,280.5,6.849315068,140.443875,122.43825,6.849315068,464.655133,4431.155835,8/8/2023,8/8/2023 14:24
8/8/2023,8/8/2023 15:39,PLAYER_182,Mens Soccer,353.25,315.5,5.644859813,147.835125,132.03675,5.644859813,495.086819,4766.62166,8/8/2023,8/8/2023 14:24
8/8/2023,8/8/2023 15:39,PLAYER_182,Mens Soccer,326,320,0.92879257,136.431,133.92,0.92879257,495.086819,4766.62166,8/8/2023,8/8/2023 14:24
8/8/2023,8/8/2023 15:45,PLAYER_490,Mens Soccer,229.25,246.5,-3.625853915,98.004375,105.37875,-3.625853915,386.836376,3826.792212,8/8/2023,8/8/2023 14:24
8/8/2023,8/8/2023 15:46,PLAYER_617,Mens Soccer,475,346.25,15.67732116,220.1625,160.486875,15.67732116,490.966541,4104.711474,8/8/2023,8/8/2023 14:24
8/8/2023,8/8/2023 15:50,PLAYER_902,Mens Soccer,273,190.25,17.86292499,111.7935,77.907375,17.86292499,418.776309,4157.624488,8/8/2023,8/8/2023 14:24
8/8/2023,8/8/2023 15:51,PLAYER_964,Mens Soccer,265.5,275.5,-1.848428835,118.28025,122.73525,-1.848428835,414.036005,3889.510671,8/8/2023,8/8/2023 14:24
8/9/2023,8/9/2023 20:32,PLAYER_230,Football,501.75,448.5,5.603788477,232.561125,207.87975,5.603788477,472.086739,4485.301002,8/9/2023,8/9/2023 13:14
8/9/2023,8/9/2023 20:26,PLAYER_567,Football,455.75,462.75,-0.762112139,223.545375,226.978875,-0.762112139,466.063995,4345.251001,8/9/2023,8/9/2023 13:14
8/14/2023,8/14/2023 20:46,PLAYER_021,Football,487,428.25,6.419011199,212.5755,186.931125,6.419011199,410.464485,4037.674004,8/14/2023,8/14/2023 12:59
8/15/2023,8/15/2023 13:37,PLAYER_084,Womens Soccer,227.75,196.75,7.302709069,95.313375,82.339875,7.302709069,501.481191,4259.852879,8/15/2023,8/15/2023 11:25
8/15/2023,8/15/2023 13:30,PLAYER_218,Womens Soccer,282.75,224.75,11.42857143,113.241375,90.012375,11.42857143,389.274553,2980.060833,8/15/2023,8/15/2023 11:25
8/15/2023,8/15/2023 13:21,PLAYER_719,Womens Soccer,221,233.5,-2.750275028,88.5105,93.51675,-2.750275028,549.008459,5120.663926,8/15/2023,8/15/2023 11:25
8/15/2023,8/15/2023 13:38,PLAYER_780,Womens Soccer,336.75,359.5,-3.267504488,159.114375,169.86375,-3.267504488,480.906844,4150.024841,8/15/2023,8/15/2023 11:25
8/15/2023,8/15/2023 13:24,PLAYER_803,Womens Soccer,190.25,186.25,1.062416999,71.058375,69.564375,1.062416999,491.760021,4942.927476,8/15/2023,8/15/2023 11:25
8/17/2023,8/17/2023 15:18,PLAYER_1077,Mens Soccer,233,263.75,-6.190236537,87.0255,98.510625,-6.190236537,425.004621,2623.653671,8/17/2023,8/17/2023 13:30
8/17/2023,8/17/2023 15:26,PLAYER_1114,Mens Soccer,388.25,338,6.919104991,165.976875,144.495,6.919104991,485.285242,2914.50799,8/17/2023,8/17/2023 13:30
8/17/2023,8/17/2023 15:25,PLAYER_1196,Mens Soccer,303,291.5,1.934398654,143.1675,137.73375,1.934398654,385.980521,2478.30036,8/17/2023,8/17/2023 13:30
8/17/2023,8/17/2023 15:29,PLAYER_137,Mens Soccer,326.5,292,5.578011318,142.51725,127.458,5.578011318,430.874271,3301.55983,8/17/2023,8/17/2023 13:30
8/17/2023,8/17/2023 15:24,PLAYER_182,Mens Soccer,289.5,277.25,2.161446846,121.15575,116.029125,2.161446846,419.263674,2906.576251,8/17/2023,8/17/2023 13:30
8/17/2023,8/17/2023 15:21,PLAYER_617,Mens Soccer,417.25,363,6.952899712,193.395375,168.2505,6.952899712,398.044498,2520.386924,8/17/2023,8/17/2023 13:30
8/17/2023,8/17/2023 15:33,PLAYER_902,Mens Soccer,271,255,3.041825095,110.9745,104.4225,3.041825095,433.820602,2454.179199,8/17/2023,8/17/2023 13:30
8/17/2023,8/17/2023 15:18,PLAYER_964,Mens Soccer,338.75,327,1.764926774,150.913125,145.6785,1.764926774,413.319923,2846.631238,8/17/2023,8/17/2023 13:30
8/20/2023,8/20/2023 21:04,PLAYER_021,Football,444.75,429.75,1.715265866,194.133375,187.585875,1.715265866,319.622608,2699.610703,8/20/2023,8/20/2023 23:39
8/20/2023,8/20/2023 20:50,PLAYER_093,Football,509.5,605.5,-8.609865471,231.56775,275.19975,-8.609865471,322.868456,2858.847003,8/20/2023,8/20/2023 23:39
8/20/2023,8/20/2023 21:02,PLAYER_1129,Football,364.75,326.75,5.495300072,175.627125,157.330125,5.495300072,307.346828,2723.402401,8/20/2023,8/20/2023 23:39
8/20/2023,8/20/2023 20:53,PLAYER_154,Football,449.25,362.5,10.6867878,192.054375,154.96875,10.6867878,327.764118,2930.1693,8/20/2023,8/20/2023 23:39
8/20/2023,8/20/2023 20:55,PLAYER_230,Football,523.25,420.5,10.88741722,242.526375,194.90175,10.88741722,437.032482,3635.577102,8/20/2023,8/20/2023 23:39
8/20/2023,8/20/2023 21:06,PLAYER_342,Football,433.25,382.75,6.18872549,196.912125,173.959875,6.18872549,356.332218,1846.033501,8/20/2023,8/20/2023 23:39
8/20/2023,8/20/2023 21:10,PLAYER_567,Football,392.25,423.5,-3.830830524,192.398625,207.72675,-3.830830524,406.133289,3978.585702,8/20/2023,8/20/2023 23:39
8/21/2023,8/21/2023 15:56,PLAYER_1077,Mens Soccer,261.75,264.75,-0.56980057,97.763625,98.884125,-0.56980057,678.307892,5541.910602,8/21/2023,8/21/2023 8:30
8/21/2023,8/21/2023 15:54,PLAYER_1114,Mens Soccer,397.25,359,5.05785124,169.824375,153.4725,5.05785124,631.252075,5265.76277,8/21/2023,8/21/2023 8:30
8/21/2023,8/21/2023 16:03,PLAYER_1196,Mens Soccer,400.75,520.5,-12.99864315,189.354375,245.93625,-12.99864315,603.133559,4942.780478,8/21/2023,8/21/2023 8:30
8/21/2023,8/21/2023 15:57,PLAYER_137,Mens Soccer,341.75,341.5,0.036589828,149.173875,149.06475,0.036589828,574.809526,5264.478757,8/21/2023,8/21/2023 8:30
8/21/2023,8/21/2023 16:02,PLAYER_182,Mens Soccer,355.5,389.5,-4.563758389,148.77675,163.00575,-4.563758389,638.841038,5249.716074,8/21/2023,8/21/2023 8:30
8/21/2023,8/21/2023 16:01,PLAYER_490,Mens Soccer,208.5,307,-19.10766246,89.13375,131.2425,-19.10766246,599.546803,5102.515769,8/21/2023,8/21/2023 8:30
8/21/2023,8/21/2023 15:51,PLAYER_617,Mens Soccer,493.25,419.75,8.050383352,228.621375,194.554125,8.050383352,577.303673,4614.960258,8/21/2023,8/21/2023 8:30
8/21/2023,8/21/2023 16:07,PLAYER_902,Mens Soccer,267.75,254,2.635361763,109.643625,104.013,2.635361763,604.177142,5026.692949,8/21/2023,8/21/2023 8:30
8/21/2023,8/21/2023 16:01,PLAYER_964,Mens Soccer,279.5,292.25,-2.229995627,124.51725,130.197375,-2.229995627,553.523089,4792.189913,8/21/2023,8/21/2023 8:30
9/1/2023,9/1/2023 20:38,PLAYER_1128,Womens Basketball,383.25,335.75,6.606397775,167.288625,146.554875,6.606397775,256.145419,2050.241193,9/1/2023,9/1/2023 11:50
9/1/2023,9/1/2023 20:24,PLAYER_555,Womens Basketball,375.5,311,9.395484341,157.14675,130.1535,9.395484341,197.934045,1553.477129,9/1/2023,9/1/2023 11:50
9/2/2023,9/2/2023 11:14,PLAYER_093,Football,535.25,525.25,0.942951438,248.088375,243.453375,0.942951438,378.442924,3562.096103,9/2/2023,9/2/2023 14:07
9/2/2023,9/2/2023 11:16,PLAYER_154,Football,409.25,293,16.55393378,174.954375,125.2575,16.55393378,363.246943,2977.584002,9/2/2023,9/2/2023 14:07
9/2/2023,9/2/2023 11:25,PLAYER_230,Football,515,435.25,8.392528282,238.7025,201.738375,8.392528282,436.740678,3986.070601,9/2/2023,9/2/2023 14:07
9/2/2023,9/2/2023 11:31,PLAYER_342,Football,371.25,367.75,0.473612991,168.733125,167.142375,0.473612991,481.168157,5356.343401,9/2/2023,9/2/2023 14:07
1/23/2024,1/23/2024 15:42,PLAYER_021,Football,581.75,513.25,6.255707763,253.933875,224.033625,6.255707763,302.348307,1193.067101,1/23/2024,1/23/2024 13:39
1/23/2024,1/23/2024 15:44,PLAYER_093,Football,537.5,508,2.821616451,249.13125,235.458,2.821616451,293.248226,1340.758902,1/23/2024,1/23/2024 13:39
1/23/2024,1/23/2024 15:24,PLAYER_230,Football,434,451.75,-2.003951454,208.971,217.517625,-2.003951454,247.526375,1200.1234,1/23/2024,1/23/2024 11:38
1/23/2024,1/23/2024 13:30,PLAYER_342,Football,598.25,560.75,3.235547886,271.904625,254.860875,3.235547886,233.226851,1112.5032,1/23/2024,1/23/2024 11:38
1/23/2024,1/23/2024 13:33,PLAYER_567,Football,556.5,574.5,-1.591511936,272.96325,281.79225,-1.591511936,230.118141,1146.002601,1/23/2024,1/23/2024 11:38
1/30/2024,1/30/2024 13:39,PLAYER_482,Football,473.25,447.75,2.768729642,240.647625,227.680875,2.768729642,345.314173,1990.564102,1/30/2024,1/30/2024 11:41
2/14/2024,2/14/2024 16:15,PLAYER_1128,Womens Basketball,396.25,313.5,11.65903487,172.963125,136.84275,11.65903487,677.611754,4895.40923,2/14/2024,2/14/2024 13:53
2/14/2024,2/14/2024 16:18,PLAYER_555,Womens Basketball,299.75,275.75,4.170286707,125.445375,115.401375,4.170286707,485.63612,3834.807885,2/14/2024,2/14/2024 13:53
3/7/2024,3/7/2024 13:20,PLAYER_482,Football,624.5,609.25,1.236068896,317.55825,309.803625,1.236068896,149.523991,558.325101,3/7/2024,3/7/2024 11:40
3/8/2024,3/8/2024 15:27,PLAYER_021,Football,350.75,284.25,10.47244094,153.102375,124.075125,10.47244094,371.92907,2752.8123,3/8/2024,3/8/2024 12:53
3/8/2024,3/8/2024 15:11,PLAYER_093,Football,575.75,517,5.376344086,266.860125,239.6295,5.376344086,418.154427,3134.533701,3/8/2024,3/8/2024 12:53
3/8/2024,3/8/2024 16:10,PLAYER_230,Football,513.5,472.25,4.184630992,247.25025,227.388375,4.184630992,452.40395,3404.310302,3/8/2024,3/8/2024 12:53
3/8/2024,3/8/2024 15:33,PLAYER_342,Football,435.25,484.75,-5.380434783,197.821125,220.318875,-5.380434783,0.605538,,3/8/2024,3/8/2024 12:53
3/8/2024,3/8/2024 14:53,PLAYER_567,Football,565.75,591.5,-2.225102614,277.500375,290.13075,-2.225102614,369.91889,2824.688901,3/8/2024,3/8/2024 12:53
4/22/2024,4/22/2024 20:26,PLAYER_033,Mens Soccer,448.25,427.25,2.398629355,207.763875,198.030375,2.398629355,880.656896,7814.952804,4/22/2024,4/22/2024 18:00
4/22/2024,4/22/2024 20:29,PLAYER_1077,Mens Soccer,404,357.75,6.071545783,150.894,133.619625,6.071545783,848.631253,7283.758439,4/22/2024,4/22/2024 18:00
4/22/2024,4/22/2024 20:30,PLAYER_182,Mens Soccer,491.75,473.75,1.864319006,205.797375,198.264375,1.864319006,922.987412,8155.199936,4/22/2024,4/22/2024 18:00
4/22/2024,4/22/2024 20:10,PLAYER_193,Mens Soccer,478.25,512,-3.408230245,,,,9.484071,45.940825,4/22/2024,4/22/2024 16:30
4/22/2024,4/22/2024 20:11,PLAYER_193,Mens Soccer,461.75,478,-1.729183293,,,,9.484071,45.940825,4/22/2024,4/22/2024 16:30
4/22/2024,4/22/2024 20:19,PLAYER_423,Mens Soccer,505.75,431.25,7.95090715,220.759875,188.240625,7.95090715,757.069279,6391.199401,4/22/2024,4/22/2024 18:00
4/22/2024,4/22/2024 20:28,PLAYER_732,Mens Soccer,426.5,478,-5.693753455,178.49025,200.043,-5.693753455,719.844104,6628.874428,4/22/2024,4/22/2024 18:00
4/22/2024,4/22/2024 20:08,PLAYER_902,Mens Soccer,273.25,277.75,-0.816696915,111.895875,113.738625,-0.816696915,821.462997,6789.465348,4/22/2024,4/22/2024 18:00
4/23/2024,4/23/2024 15:33,PLAYER_1114,Mens Soccer,380.75,402.5,-2.776891159,162.770625,172.06875,-2.776891159,762.082822,6381.586051,4/23/2024,4/23/2024 19:00
4/23/2024,4/23/2024 17:27,PLAYER_137,Mens Soccer,428.5,441.75,-1.522550991,187.04025,192.823875,-1.522550991,886.172275,8325.203249,4/23/2024,4/23/2024 19:00
6/6/2024,6/6/2024 15:06,PLAYER_021,Football,500.5,516,-1.524840138,218.46825,225.234,-1.524840138,0.139977,0.2338,6/6/2024,6/6/2024 13:25
6/6/2024,6/6/2024 15:09,PLAYER_093,Football,542,584,-3.730017762,251.217,270.684,-3.730017762,0.3057,1.0161,6/6/2024,6/6/2024 13:25
6/6/2024,6/6/2024 15:09,PLAYER_230,Football,542.75,506.5,3.454848701,261.334125,243.87975,3.454848701,293.202528,1335.545702,6/6/2024,6/6/2024 10:57
6/6/2024,6/6/2024 12:26,PLAYER_342,Football,557.5,518,3.672710367,253.38375,235.431,3.672710367,378.828279,212.4208,6/6/2024,6/6/2024 10:57
6/6/2024,6/6/2024 12:31,PLAYER_567,Football,655.75,532,10.41885919,321.645375,260.946,10.41885919,252.207111,1110.088401,6/6/2024,6/6/2024 10:57
6/24/2024,6/24/2024 17:51,PLAYER_066,Mens Basketball,569.25,553.5,1.402805611,268.970625,261.52875,1.402805611,434.889658,3196.791054,6/24/2024,6/24/2024 16:11
6/24/2024,6/24/2024 17:48,PLAYER_1079,Mens Basketball,541.25,484,5.584003901,255.740625,228.69,5.584003901,399.648905,3439.285402,6/24/2024,6/24/2024 16:11
6/24/2024,6/24/2024 17:51,PLAYER_1186,Mens Basketball,374.75,367.5,0.976759852,190.560375,186.87375,0.976759852,459.576918,2944.446901,6/24/2024,6/24/2024 16:11
6/24/2024,6/24/2024 17:41,PLAYER_252,Mens Basketball,334.25,311.75,3.482972136,142.891875,133.273125,3.482972136,502.076103,3333.220763,6/24/2024,6/24/2024 16:11
6/24/2024,6/24/2024 17:46,PLAYER_270,Mens Basketball,426.25,385.75,4.987684729,189.894375,171.851625,4.987684729,483.858097,3813.130853,6/24/2024,6/24/2024 16:11
6/24/2024,6/24/2024 17:44,PLAYER_557,Mens Basketball,420.75,414.5,0.748278958,191.230875,188.39025,0.748278958,409.106424,2782.394695,6/24/2024,6/24/2024 16:11
6/24/2024,6/24/2024 17:45,PLAYER_579,Mens Basketball,409.5,397.75,1.455558997,211.91625,205.835625,1.455558997,431.587766,3126.62245,6/24/2024,6/24/2024 16:11
6/24/2024,6/24/2024 17:43,PLAYER_593,Mens Basketball,417.25,358.25,7.607994842,197.150625,169.273125,7.607994842,459.224855,2904.79259,6/24/2024,6/24/2024 16:11
6/24/2024,6/24/2024 17:54,PLAYER_755,Mens Basketball,400.25,313.5,12.15411559,214.333875,167.87925,12.15411559,502.164746,3655.71517,6/24/2024,6/24/2024 16:11
6/24/2024,6/24/2024 17:53,PLAYER_933,Mens Basketball,364,273.5,14.19607843,168.714,126.76725,14.19607843,469.570389,3617.692603,6/24/2024,6/24/2024 16:11
6/24/2024,6/24/2024 17:52,PLAYER_988,Mens Basketball,465.75,453.25,1.360174102,241.025625,234.556875,1.360174102,451.4827,2964.686599,6/24/2024,6/24/2024 16:11
6/24/2024,6/24/2024 17:49,PLAYER_995,Mens Basketball,366,284,12.61538462,172.935,134.19,12.61538462,456.090161,3303.428843,6/24/2024,6/24/2024 16:11
7/3/2024,7/3/2024 15:57,PLAYER_021,Football,480.25,385.5,10.94426798,200.984625,161.33175,10.94426798,520.399443,3678.519702,7/3/2024,7/3/2024 13:26
7/3/2024,7/3/2024 15:44,PLAYER_093,Football,672.75,561.5,9.013570995,311.819625,260.25525,9.013570995,571.865202,3973.650402,7/3/2024,7/3/2024 13:26
7/3/2024,7/3/2024 15:53,PLAYER_230,Football,446.25,466.75,-2.245345016,194.788125,203.736375,-2.245345016,606.485925,4487.752903,7/3/2024,7/3/2024 10:55
7/3/2024,7/3/2024 13:25,PLAYER_567,Football,530,484,4.536489152,245.655,224.334,4.536489152,570.811257,4278.538101,7/3/2024,7/3/2024 10:55
7/12/2024,7/12/2024 14:13,PLAYER_021,Football,471.75,454.25,1.889848812,197.427375,190.103625,1.889848812,314.13471,1862.2387,7/12/2024,7/12/2024 12:12
7/12/2024,7/12/2024 13:53,PLAYER_093,Football,542.25,560.5,-1.654953525,251.332875,259.79175,-1.654953525,330.455267,2071.018401,7/12/2024,7/12/2024 12:12
7/12/2024,7/12/2024 14:02,PLAYER_230,Football,450.5,461.75,-1.233214579,196.64325,201.553875,-1.233214579,354.472198,2993.016801,7/12/2024,7/12/2024 10:27
7/12/2024,7/12/2024 12:21,PLAYER_342,Football,570.25,547.75,2.012522361,259.178625,248.952375,2.012522361,371.344273,2859.8027,7/12/2024,7/12/2024 10:27
7/12/2024,7/12/2024 12:10,PLAYER_567,Football,570.75,495.25,7.082551595,264.542625,229.548375,7.082551595,329.965275,2757.274999,7/12/2024,7/12/2024 10:27
7/16/2024,7/16/2024 14:04,PLAYER_555,Womens Basketball,288.25,247.25,7.656395892,120.632625,103.474125,7.656395892,264.793097,1923.452377,7/16/2024,7/16/2024 12:30
7/16/2024,7/16/2024 14:04,PLAYER_555,Womens Basketball,271.5,248.75,4.372897645,113.62275,104.101875,4.372897645,264.793097,1923.452377,7/16/2024,7/16/2024 12:30
7/26/2024,7/26/2024 13:32,PLAYER_021,Football,440.5,429,1.322599195,184.34925,179.5365,1.322599195,249.161488,2112.056801,7/26/2024,7/26/2024 12:11
7/26/2024,7/26/2024 13:41,PLAYER_093,Football,569.25,550.75,1.651785714,263.847375,255.272625,1.651785714,249.545348,2216.0852,7/26/2024,7/26/2024 12:11
7/26/2024,7/26/2024 13:24,PLAYER_230,Football,484.5,489.75,-0.538876059,211.48425,213.775875,-0.538876059,0.138482,,7/26/2024,7/26/2024 10:27
8/6/2024,8/6/2024 14:10,PLAYER_033,Mens Soccer,381.75,424.25,-5.272952854,173.505375,192.821625,-5.272952854,1054.532083,9236.356707,8/6/2024,8/6/2024 20:30
8/6/2024,8/6/2024 14:13,PLAYER_1077,Mens Soccer,381.5,369,1.665556296,142.49025,137.8215,1.665556296,889.757144,6161.515066,8/6/2024,8/6/2024 20:30
8/6/2024,8/6/2024 14:16,PLAYER_1196,Mens Soccer,438.75,454,-1.708204985,207.309375,214.515,-1.708204985,771.911833,5933.175648,8/6/2024,8/6/2024 20:30
8/6/2024,8/6/2024 14:17,PLAYER_137,Mens Soccer,444.5,397.25,5.613305613,198.02475,176.974875,5.613305613,756.226751,5689.972056,8/6/2024,8/6/2024 20:30
8/6/2024,8/6/2024 14:22,PLAYER_182,Mens Soccer,448,443,0.561167228,187.488,185.3955,0.561167228,484.760205,3458.344698,8/6/2024,8/6/2024 20:30
8/6/2024,8/6/2024 14:19,PLAYER_193,Mens Soccer,469.25,483.25,-1.469816273,209.050875,215.287875,-1.469816273,839.627078,6934.268502,8/6/2024,8/6/2024 20:30
8/6/2024,8/6/2024 14:20,PLAYER_423,Mens Soccer,484.75,471,1.438660738,194.142375,188.6355,1.438660738,774.157449,6276.046835,8/6/2024,8/6/2024 20:30
8/6/2024,8/6/2024 14:11,PLAYER_732,Mens Soccer,430.25,435,-0.548974285,187.804125,189.8775,-0.548974285,736.326873,5702.316821,8/6/2024,8/6/2024 20:30
8/6/2024,8/6/2024 14:15,PLAYER_964,Mens Soccer,340.75,323.5,2.596913813,154.870875,147.03075,2.596913813,767.510513,6303.290117,8/6/2024,8/6/2024 20:30
8/23/2024,8/23/2024 19:38,PLAYER_021,Football,486.25,486.5,-0.025700334,203.495625,203.60025,-0.025700334,351.147743,2854.0146,8/23/2024,8/23/2024 13:19
8/23/2024,8/23/2024 19:38,PLAYER_093,Football,547.5,632.5,-7.203389831,253.76625,293.16375,-7.203389831,471.555004,4576.363902,8/23/2024,8/23/2024 13:19
8/23/2024,8/23/2024 20:25,PLAYER_342,Football,557.25,572.5,-1.349856163,253.270125,260.20125,-1.349856163,368.96648,3306.4615,8/23/2024,8/23/2024 13:19
8/23/2024,8/23/2024 20:24,PLAYER_567,Football,573.75,518.5,5.058365759,265.933125,240.32475,5.058365759,494.140377,4176.933702,8/23/2024,8/23/2024 13:19
9/24/2024,9/24/2024 18:15,PLAYER_084,Womens Soccer,321,306.5,2.310756972,134.3385,128.27025,2.310756972,483.674755,4441.156965,9/24/2024,9/24/2024 16:30
9/24/2024,9/24/2024 18:18,PLAYER_1094,Womens Soccer,379.75,343.25,5.048409405,162.343125,146.739375,5.048409405,449.926759,4417.89518,9/24/2024,9/24/2024 16:30
9/24/2024,9/24/2024 12:29,PLAYER_115,Womens Soccer,307.25,293,2.374010829,125.818875,119.9835,2.374010829,525.813746,4741.817563,9/24/2024,9/24/2024 16:30
9/24/2024,9/24/2024 18:06,PLAYER_1152,Womens Soccer,341.25,324.25,2.554470323,139.741875,132.780375,2.554470323,481.331094,4782.16759,9/24/2024,9/24/2024 16:30
9/24/2024,9/24/2024 12:30,PLAYER_413,Womens Soccer,329.5,306,3.697875688,137.89575,128.061,3.697875688,499.069594,4971.699384,9/24/2024,9/24/2024 16:30
9/24/2024,9/24/2024 18:20,PLAYER_480,Womens Soccer,428.25,343.25,11.01749838,171.514125,137.471625,11.01749838,356.036743,3809.958095,9/24/2024,9/24/2024 16:30
9/24/2024,9/24/2024 18:21,PLAYER_552,Womens Soccer,345.5,317.5,4.223227753,129.04425,118.58625,4.223227753,426.308971,4566.986451,9/24/2024,9/24/2024 16:30
9/24/2024,9/24/2024 18:29,PLAYER_685,Womens Soccer,328.25,271.75,9.416666667,137.372625,113.727375,9.416666667,466.267306,4532.260687,9/24/2024,9/24/2024 16:30
9/24/2024,9/24/2024 18:23,PLAYER_719,Womens Soccer,314.5,272.75,7.109408259,125.95725,109.236375,7.109408259,500.567746,4682.100908,9/24/2024,9/24/2024 16:30
9/24/2024,9/24/2024 18:26,PLAYER_746,Womens Soccer,412.25,351,8.024893547,172.526625,146.8935,8.024893547,507.882653,5348.522242,9/24/2024,9/24/2024 16:30
9/24/2024,9/24/2024 18:27,PLAYER_780,Womens Soccer,384.75,381.5,0.424143556,181.794375,180.25875,0.424143556,438.178282,4442.6833,9/24/2024,9/24/2024 16:30
9/24/2024,9/24/2024 18:11,PLAYER_803,Womens Soccer,300.25,282.25,3.090128755,112.143375,105.420375,3.090128755,466.210424,5274.335522,9/24/2024,9/24/2024 16:30
9/24/2024,9/24/2024 18:05,PLAYER_910,Womens Soccer,226.75,226,0.165654335,84.691125,84.411,0.165654335,427.17413,4322.213427,9/24/2024,9/24/2024 16:30
9/24/2024,9/24/2024 20:14,PLAYER_944,Womens Soccer,384.5,306.5,11.28798842,147.07125,117.23625,11.28798842,457.237308,4726.21585,9/24/2024,9/24/2024 16:30
9/25/2024,9/25/2024 16:01,PLAYER_1128,Womens Basketball,303.75,249,9.905020353,129.853125,106.4475,9.905020353,523.014978,3677.215945,9/25/2024,9/25/2024 13:33
10/21/2024,10/21/2024 16:08,PLAYER_1128,Womens Basketball,401,333.5,9.189925119,175.0365,145.57275,9.189925119,233.562901,1466.494018,10/21/2024,10/21/2024 12:20
10/30/2024,10/30/2024 17:53,PLAYER_033,Mens Soccer,366.5,436.5,-8.717310087,166.57425,198.38925,-8.717310087,969.733754,8962.50119,10/30/2024,10/30/2024 15:25
10/30/2024,10/30/2024 18:01,PLAYER_1114,Mens Soccer,391.5,383,1.097482247,167.36625,163.7325,1.097482247,836.88204,6935.027671,10/30/2024,10/30/2024 15:25
10/30/2024,10/30/2024 17:47,PLAYER_1196,Mens Soccer,324.75,445.5,-15.67672833,147.598875,202.47975,-15.67672833,782.218265,6332.828842,10/30/2024,10/30/2024 15:25
10/30/2024,10/30/2024 17:57,PLAYER_137,Mens Soccer,392.5,385,0.964630225,171.32625,168.0525,0.964630225,914.952272,8769.973893,10/30/2024,10/30/2024 15:25
10/30/2024,10/30/2024 17:55,PLAYER_193,Mens Soccer,451.25,465.25,-1.527550464,201.031875,207.268875,-1.527550464,1166.927933,11006.81133,10/30/2024,10/30/2024 15:25
10/30/2024,10/30/2024 18:14,PLAYER_732,Mens Soccer,394.25,391.25,0.381922342,172.090125,170.780625,0.381922342,938.124364,8067.57585,10/30/2024,10/30/2024 15:25
10/30/2024,10/30/2024 18:14,PLAYER_902,Mens Soccer,297,379.75,-12.22755818,121.6215,155.507625,-12.22755818,1014.471995,8636.883614,10/30/2024,10/30/2024 15:25
1/22/2025,1/22/2025 13:46,PLAYER_021,Football,579.75,524.25,5.027173913,242.625375,219.398625,5.027173913,0.034723,,1/22/2025,1/22/2025 17:59
1/22/2025,1/22/2025 13:42,PLAYER_1047,Football,524.25,498.25,2.542787286,242.989875,230.938875,2.542787286,0.031375,,1/22/2025,1/22/2025 17:59
1/22/2025,1/22/2025 13:48,PLAYER_1232,Football,606,620.25,-1.162079511,280.881,287.485875,-1.162079511,0.049688,,1/22/2025,1/22/2025 17:59
1/22/2025,1/22/2025 13:40,PLAYER_262,Football,614.25,519.5,8.35722161,284.704875,240.78825,8.35722161,0.045996,,1/22/2025,1/22/2025 17:59
1/28/2025,1/28/2025 15:30,PLAYER_093,Football,573.75,572.5,0.109051254,271.096875,270.50625,0.109051254,356.737495,1510.139401,1/28/2025,1/28/2025 13:41
1/28/2025,1/28/2025 15:43,PLAYER_1022,Football,567,528.75,3.490759754,196.4655,183.211875,3.490759754,352.45598,1354.194501,1/28/2025,1/28/2025 13:41
1/28/2025,1/28/2025 13:08,PLAYER_1055,Football,576.75,549.25,2.442273535,241.369875,229.861125,2.442273535,307.183258,1264.5994,1/28/2025,1/28/2025 11:46
1/28/2025,1/28/2025 15:19,PLAYER_230,Football,535.25,530,0.492842056,248.088375,245.655,0.492842056,402.028595,1521.231501,1/28/2025,1/28/2025 13:41
1/28/2025,1/28/2025 15:41,PLAYER_297,Football,379,390.5,-1.494476933,175.6665,180.99675,-1.494476933,335.003862,1290.662002,1/28/2025,1/28/2025 13:41
1/28/2025,1/28/2025 13:08,PLAYER_342,Football,576,587.75,-1.009667025,287.712,293.581125,-1.009667025,271.097546,932.462801,1/28/2025,1/28/2025 11:46
1/28/2025,1/28/2025 13:15,PLAYER_489,Football,509.5,589.75,-7.300432113,226.98225,262.733625,-7.300432113,261.450283,1142.3348,1/28/2025,1/28/2025 11:46
1/28/2025,1/28/2025 13:09,PLAYER_567,Football,533.75,519.25,1.377018044,247.393125,240.672375,1.377018044,262.521652,1272.7245,1/28/2025,1/28/2025 11:46
1/28/2025,1/28/2025 15:21,PLAYER_888,Football,454.25,430.25,2.7133974,214.633125,203.293125,2.7133974,337.494476,1474.568802,1/28/2025,1/28/2025 13:41
1/28/2025,1/28/2025 13:29,PLAYER_953,Football,396.25,394.25,0.253004428,183.661875,182.734875,0.253004428,307.950146,1376.722101,1/28/2025,1/28/2025 11:46
2/24/2025,2/24/2025 15:33,PLAYER_014,Football,506.5,558.5,-4.882629108,211.97025,233.73225,-4.882629108,0.202392,,2/24/2025,2/24/2025 11:41
2/24/2025,2/24/2025 15:20,PLAYER_021,Football,599.25,552.25,4.081632653,250.786125,231.116625,4.081632653,0.186582,,2/24/2025,2/24/2025 11:41
2/24/2025,2/24/2025 15:21,PLAYER_093,Football,584.25,591.25,-0.59549128,260.283375,263.401875,-0.59549128,0.175016,,2/24/2025,2/24/2025 11:41
2/24/2025,2/24/2025 15:32,PLAYER_1022,Football,524.25,449.5,7.676508344,238.271625,204.29775,7.676508344,0.167786,,2/24/2025,2/24/2025 11:41
2/24/2025,2/24/2025 13:30,PLAYER_1047,Football,473.25,459.5,1.47413562,219.351375,212.97825,1.47413562,204.545948,779.3039,2/24/2025,2/24/2025 11:41
2/24/2025,2/24/2025 13:10,PLAYER_1055,Football,582.25,570.75,0.997398092,243.671625,238.858875,0.997398092,250.101316,1059.428301,2/24/2025,2/24/2025 11:41
2/24/2025,2/24/2025 15:17,PLAYER_1126,Football,465.25,463,0.242391597,215.643375,214.6005,0.242391597,0.233614,,2/24/2025,2/24/2025 11:41
2/24/2025,2/24/2025 15:25,PLAYER_230,Football,608.75,547,5.342850963,260.240625,233.8425,5.342850963,0.241184,,2/24/2025,2/24/2025 11:41
2/24/2025,2/24/2025 13:23,PLAYER_262,Football,671.5,580,7.311226528,311.24025,268.83,7.311226528,219.222294,801.4194,2/24/2025,2/24/2025 11:41
2/24/2025,2/24/2025 15:18,PLAYER_297,Football,405.5,402,0.433436533,169.70175,168.237,0.433436533,0.201423,,2/24/2025,2/24/2025 11:41
2/24/2025,2/24/2025 13:13,PLAYER_342,Football,544.5,603.25,-5.118710521,242.57475,268.747875,-5.118710521,233.430542,640.127501,2/24/2025,2/24/2025 11:41
2/24/2025,2/24/2025 13:26,PLAYER_489,Football,587,603.5,-1.385972281,,,,215.964598,927.313901,2/24/2025,2/24/2025 11:41
2/24/2025,2/24/2025 13:15,PLAYER_567,Football,572.75,541,2.850729517,250.005375,236.1465,2.850729517,233.695435,1012.077001,2/24/2025,2/24/2025 11:41
2/24/2025,2/24/2025 15:26,PLAYER_888,Football,564,418.25,14.83838127,256.338,190.094625,14.83838127,0.149552,,2/24/2025,2/24/2025 11:41
2/24/2025,2/24/2025 13:17,PLAYER_953,Football,527,492.5,3.38401177,215.8065,201.67875,3.38401177,232.010328,1001.7398,2/24/2025,2/24/2025 11:41
4/11/2025,4/11/2025 16:47,PLAYER_995,Mens Basketball,436.5,385.75,6.172088781,221.96025,196.153875,6.172088781,477.549898,3446.423849,4/11/2025,4/11/2025 12:00
6/2/2025,6/2/2025 16:15,PLAYER_014,Football,456,464,-0.869565217,190.836,194.184,-0.869565217,300.895828,2123.177902,6/2/2025,6/2/2025 14:26
6/2/2025,6/2/2025 16:33,PLAYER_021,Football,599.5,551.25,4.192917662,250.89075,230.698125,4.192917662,336.940252,2213.752601,6/2/2025,6/2/2025 14:26
6/2/2025,6/2/2025 16:21,PLAYER_093,Football,524.25,558,-3.118503119,233.553375,248.589,-3.118503119,300.507543,2032.552401,6/2/2025,6/2/2025 14:26
6/2/2025,6/2/2025 16:31,PLAYER_1022,Football,536.5,501.25,3.396771862,243.83925,227.818125,3.396771862,309.750317,2180.587902,6/2/2025,6/2/2025 14:26
6/2/2025,6/2/2025 13:49,PLAYER_1047,Football,424,401.25,2.756740382,196.524,185.979375,2.756740382,280.519379,2143.977803,6/2/2025,6/2/2025 11:51
6/2/2025,6/2/2025 13:35,PLAYER_1055,Football,603.25,607.75,-0.371593724,252.460125,254.343375,-0.371593724,280.229753,2059.4201,6/2/2025,6/2/2025 11:51
6/2/2025,6/2/2025 13:39,PLAYER_342,Football,526.5,573.75,-4.294478528,234.55575,255.605625,-4.294478528,282.090195,2211.366601,6/2/2025,6/2/2025 11:51
6/2/2025,6/2/2025 13:41,PLAYER_489,Football,516.5,586.25,-6.32509635,230.10075,261.174375,-6.32509635,268.076662,2067.939701,6/2/2025,6/2/2025 11:51
6/2/2025,6/2/2025 13:03,PLAYER_567,Football,354,340.75,1.907160849,,,,239.764152,1846.050102,6/2/2025,6/2/2025 11:51
6/2/2025,6/2/2025 16:19,PLAYER_888,Football,454.75,471.25,-1.781857451,206.683875,214.183125,-1.781857451,288.16662,2116.147801,6/2/2025,6/2/2025 14:26
6/2/2025,6/2/2025 13:40,PLAYER_953,Football,561,513.5,4.420660772,229.7295,210.27825,4.420660772,275.310936,2091.716899,6/2/2025,6/2/2025 11:51
6/9/2025,6/9/2025 16:17,PLAYER_1126,Football,515.5,484.5,3.1,266.77125,250.72875,3.1,215.702705,1948.080702,6/9/2025,6/9/2025 14:42
6/18/2025,6/18/2025 13:44,PLAYER_262,Football,581,491.75,8.319738989,269.2935,227.926125,8.319738989,290.609472,1241.389401,6/18/2025,6/18/2025 11:58
6/18/2025,6/18/2025 16:20,PLAYER_297,Football,496,450.5,4.807184363,207.576,188.53425,4.807184363,351.052139,1366.911502,6/18/2025,6/18/2025 14:25
6/23/2025,6/23/2025 14:26,PLAYER_1036,Mens Basketball,518.5,422.25,10.23119851,268.32375,218.514375,10.23119851,357.985854,2186.830403,6/23/2025,6/23/2025 15:00
6/23/2025,6/23/2025 14:23,PLAYER_1050,Mens Basketball,509.25,513,-0.366837858,254.370375,256.2435,-0.366837858,378.263429,2564.303629,6/23/2025,6/23/2025 15:00
6/23/2025,6/23/2025 14:28,PLAYER_1186,Mens Basketball,359.5,356.75,0.383944154,160.15725,158.932125,0.383944154,378.698757,2718.407098,6/23/2025,6/23/2025 15:00
6/23/2025,6/23/2025 14:29,PLAYER_1186,Mens Basketball,367,368.5,-0.203942896,163.4985,164.16675,-0.203942896,378.698757,2718.407098,6/23/2025,6/23/2025 15:00
6/23/2025,6/23/2025 13:41,PLAYER_404,Mens Basketball,0.75,7,-80.64516129,0.253125,2.3625,-80.64516129,314.943175,1921.106221,6/23/2025,6/23/2025 15:00
6/23/2025,6/23/2025 14:22,PLAYER_404,Mens Basketball,381.25,425.25,-5.45567266,193.865625,216.239625,-5.45567266,314.943175,1921.106221,6/23/2025,6/23/2025 15:00
6/23/2025,6/23/2025 14:27,PLAYER_412,Mens Basketball,577.75,555.75,1.940891045,278.186625,267.593625,1.940891045,352.076772,2424.306543,6/23/2025,6/23/2025 15:00
6/23/2025,6/23/2025 14:30,PLAYER_616,Mens Basketball,540,514,2.466793169,225.99,215.109,2.466793169,328.59846,2262.063332,6/23/2025,6/23/2025 15:00
6/23/2025,6/23/2025 14:21,PLAYER_755,Mens Basketball,421.5,345.5,9.908735332,221.91975,181.90575,9.908735332,437.802801,3012.864661,6/23/2025,6/23/2025 15:00
6/23/2025,6/23/2025 14:24,PLAYER_958,Mens Basketball,549.5,509.5,3.777148253,299.20275,277.42275,3.777148253,387.346375,2237.194942,6/23/2025,6/23/2025 15:00
6/23/2025,6/23/2025 14:26,PLAYER_995,Mens Basketball,474.75,454,2.234185734,241.410375,230.859,2.234185734,339.650568,2290.46825,6/23/2025,6/23/2025 15:00
7/2/2025,7/2/2025 15:29,PLAYER_021,Football,551.5,512,3.714151387,230.80275,214.272,3.714151387,10.717927,73.4524,7/2/2025,7/2/2025 10:55
7/2/2025,7/2/2025 15:27,PLAYER_093,Football,510.25,596.75,-7.813911472,227.316375,265.852125,-7.813911472,11.465639,74.557625,7/2/2025,7/2/2025 10:55
7/2/2025,7/2/2025 15:34,PLAYER_1022,Football,557.25,517,3.746800093,253.270125,234.9765,3.746800093,11.823092,40.303975,7/2/2025,7/2/2025 10:55
7/2/2025,7/2/2025 13:06,PLAYER_1047,Football,520.75,457,6.520071593,241.367625,211.8195,6.520071593,319.333485,1709.907974,7/2/2025,7/2/2025 10:55
7/2/2025,7/2/2025 13:02,PLAYER_1055,Football,581,594.25,-1.127419698,243.1485,248.693625,-1.127419698,345.239733,1947.437478,7/2/2025,7/2/2025 10:55
7/2/2025,7/2/2025 15:21,PLAYER_1126,Football,500.25,469.5,3.17092034,258.879375,242.96625,3.17092034,11.147884,40.37415,7/2/2025,7/2/2025 10:55
7/2/2025,7/2/2025 12:51,PLAYER_262,Football,648.25,548.5,8.335074159,300.463875,254.22975,8.335074159,342.857921,1690.888823,7/2/2025,7/2/2025 10:55
7/2/2025,7/2/2025 15:33,PLAYER_297,Football,486.75,466,2.177906061,203.704875,195.021,2.177906061,11.152493,72.881125,7/2/2025,7/2/2025 10:55
7/2/2025,7/2/2025 17:06,PLAYER_342,Football,522.5,534.75,-1.158666351,232.77375,238.231125,-1.158666351,10.625328,,7/2/2025,7/2/2025 10:55
7/2/2025,7/2/2025 13:09,PLAYER_489,Football,433.75,576.75,-14.15141019,193.235625,256.942125,-14.15141019,311.116076,1521.950802,7/2/2025,7/2/2025 10:55
7/2/2025,7/2/2025 12:48,PLAYER_567,Football,593.5,538.75,4.835504526,259.06275,235.164375,4.835504526,310.096152,1663.346151,7/2/2025,7/2/2025 10:55
7/2/2025,7/2/2025 15:40,PLAYER_888,Football,483,406.75,8.569822984,219.5235,184.867875,8.569822984,11.539006,58.30665,7/2/2025,7/2/2025 10:55
7/2/2025,7/2/2025 13:08,PLAYER_953,Football,485,496.75,-1.196842373,198.6075,203.419125,-1.196842373,333.087263,1645.719951,7/2/2025,7/2/2025 10:55
7/18/2025,7/18/2025 13:48,PLAYER_567,Football,621,554.25,5.679642629,287.8335,256.894875,5.679642629,284.339536,2446.294549,7/18/2025,7/18/2025 11:27
8/1/2025,8/1/2025 17:51,PLAYER_1077,Mens Soccer,409.25,384.75,3.085642317,152.854875,143.704125,3.085642317,784.127313,7653.011607,8/1/2025,8/1/2025 16:15
8/1/2025,8/1/2025 17:53,PLAYER_1104,Mens Soccer,430.5,438.75,-0.949094047,168.54075,171.770625,-0.949094047,251.819307,1349.185135,8/1/2025,8/1/2025 16:15
8/1/2025,8/1/2025 17:42,PLAYER_158,Mens Soccer,366.75,352.5,1.981230448,156.785625,150.69375,1.981230448,719.591325,6973.597781,8/1/2025,8/1/2025 16:15
8/1/2025,8/1/2025 17:38,PLAYER_182,Mens Soccer,459.5,516,-5.791901589,192.30075,215.946,-5.791901589,713.47404,6817.626839,8/1/2025,8/1/2025 16:15
8/1/2025,8/1/2025 17:47,PLAYER_193,Mens Soccer,409,482.75,-8.270255116,182.2095,215.065125,-8.270255116,845.379131,8749.677267,8/1/2025,8/1/2025 16:15
8/1/2025,8/1/2025 17:46,PLAYER_423,Mens Soccer,485.75,512,-2.630919569,212.029875,223.488,-2.630919569,744.243692,6718.067902,8/1/2025,8/1/2025 16:15
8/1/2025,8/1/2025 17:51,PLAYER_518,Mens Soccer,476,428,5.309734513,199.206,179.118,5.309734513,730.704715,7368.269433,8/1/2025,8/1/2025 16:15
8/1/2025,8/1/2025 17:48,PLAYER_539,Mens Soccer,498.5,486.5,1.218274112,226.56825,221.11425,1.218274112,746.830094,6824.765087,8/1/2025,8/1/2025 16:15
8/1/2025,8/1/2025 17:40,PLAYER_732,Mens Soccer,440.25,382.5,7.019143118,192.169125,166.96125,7.019143118,735.216074,7309.972454,8/1/2025,8/1/2025 16:15
8/26/2025,8/26/2025 20:06,PLAYER_007,Womens Soccer,274.5,282.25,-1.392007185,119.81925,123.202125,-1.392007185,511.1041,4953.401645,8/26/2025,8/26/2025 18:15
8/26/2025,8/26/2025 20:13,PLAYER_053,Womens Soccer,249.5,248.75,0.150526844,104.41575,104.101875,0.150526844,459.131644,4918.997059,8/26/2025,8/26/2025 18:15
8/26/2025,8/26/2025 20:06,PLAYER_084,Womens Soccer,308.75,326,-2.717605356,129.211875,136.431,-2.717605356,608.028094,5543.943239,8/26/2025,8/26/2025 18:15
8/26/2025,8/26/2025 20:09,PLAYER_1089,Womens Soccer,300,301.25,-0.207900208,125.55,126.073125,-0.207900208,572.487415,5463.364634,8/26/2025,8/26/2025 18:15
8/26/2025,8/26/2025 20:04,PLAYER_1094,Womens Soccer,331.5,371.5,-5.689900427,141.71625,158.81625,-5.689900427,393.50018,3692.033016,8/26/2025,8/26/2025 18:15
8/26/2025,8/26/2025 20:03,PLAYER_112,Womens Soccer,319.25,322.75,-0.54517134,127.859625,129.261375,-0.54517134,292.960547,1517.389819,8/26/2025,8/26/2025 18:15
8/26/2025,8/26/2025 20:07,PLAYER_115,Womens Soccer,269.25,245,4.71560525,110.257875,100.3275,4.71560525,574.178464,5473.232703,8/26/2025,8/26/2025 18:15
8/26/2025,8/26/2025 19:56,PLAYER_1152,Womens Soccer,326.5,328.5,-0.305343511,133.70175,134.52075,-0.305343511,487.463719,5037.267756,8/26/2025,8/26/2025 18:15
8/26/2025,8/26/2025 20:02,PLAYER_1171,Womens Soccer,318.25,332,-2.114571319,121.730625,126.99,-2.114571319,436.364405,3670.452624,8/26/2025,8/26/2025 18:15
8/26/2025,8/26/2025 20:04,PLAYER_1265,Womens Soccer,318,287,5.123966942,127.359,114.9435,5.123966942,515.954156,5417.703168,8/26/2025,8/26/2025 18:15
8/26/2025,8/26/2025 20:12,PLAYER_413,Womens Soccer,352.75,282.75,11.01494886,147.625875,118.330875,11.01494886,503.791799,5335.166797,8/26/2025,8/26/2025 18:15
8/26/2025,8/26/2025 20:00,PLAYER_469,Womens Soccer,294.5,291,0.597779675,109.99575,108.6885,0.597779675,451.703745,4292.508495,8/26/2025,8/26/2025 18:15
8/26/2025,8/26/2025 20:05,PLAYER_480,Womens Soccer,349.5,326.5,3.402366864,139.97475,130.76325,3.402366864,395.765291,4286.439984,8/26/2025,8/26/2025 18:15
8/26/2025,8/26/2025 20:14,PLAYER_552,Womens Soccer,332.25,308,3.787582975,124.095375,115.038,3.787582975,556.846332,5696.262412,8/26/2025,8/26/2025 18:15
8/26/2025,8/26/2025 20:16,PLAYER_746,Womens Soccer,434.25,378.75,6.826568266,181.733625,158.506875,6.826568266,510.045611,5592.016931,8/26/2025,8/26/2025 18:15
8/26/2025,8/26/2025 20:19,PLAYER_747,Womens Soccer,412.75,367,5.867265149,169.021125,150.2865,5.867265149,543.357694,5608.602532,8/26/2025,8/26/2025 18:15
8/26/2025,8/26/2025 20:13,PLAYER_769,Womens Soccer,325.25,311.25,2.199528672,136.117125,130.258125,2.199528672,579.039759,5347.290027,8/26/2025,8/26/2025 18:15
8/26/2025,8/26/2025 20:08,PLAYER_860,Womens Soccer,270.25,287,-3.005832212,113.099625,120.1095,-3.005832212,511.203751,4504.345639,8/26/2025,8/26/2025 18:15
8/26/2025,8/26/2025 19:58,PLAYER_910,Womens Soccer,274.75,255.25,3.679245283,102.619125,95.335875,3.679245283,474.656213,4902.863782,8/26/2025,8/26/2025 18:15
8/26/2025,8/26/2025 20:01,PLAYER_961,Womens Soccer,377.5,326,7.320540156,157.98375,136.431,7.320540156,453.303474,4396.858305,8/26/2025,8/26/2025 18:15
9/2/2025,9/2/2025 15:04,PLAYER_042,Womens Basketball,270,201,14.64968153,137.295,102.2085,14.64968153,349.166701,2323.80338,9/2/2025,9/2/2025 12:50
9/2/2025,9/2/2025 15:58,PLAYER_056,Womens Basketball,366,431.5,-8.213166144,179.523,211.65075,-8.213166144,235.336338,1511.298592,9/2/2025,9/2/2025 12:50
9/2/2025,9/2/2025 16:02,PLAYER_1264,Womens Basketball,337,356.25,-2.776776055,147.1005,155.503125,-2.776776055,442.132661,3288.555274,9/2/2025,9/2/2025 12:50
9/2/2025,9/2/2025 14:59,PLAYER_190,Womens Basketball,342,271,11.58238173,155.439,123.1695,11.58238173,373.243922,2826.38436,9/2/2025,9/2/2025 12:50
9/2/2025,9/2/2025 15:07,PLAYER_363,Womens Basketball,389.75,263,19.41784757,180.649125,121.9005,19.41784757,420.089648,2964.533919,9/2/2025,9/2/2025 12:50
9/2/2025,9/2/2025 15:56,PLAYER_555,Womens Basketball,413,350.75,8.150572831,176.5575,149.945625,8.150572831,347.443569,2653.57585,9/2/2025,9/2/2025 12:50
9/2/2025,9/2/2025 15:07,PLAYER_851,Womens Basketball,318,266.25,8.857509628,161.703,135.388125,8.857509628,354.276892,2533.093506,9/2/2025,9/2/2025 12:50
9/2/2025,9/2/2025 16:00,PLAYER_906,Womens Basketball,324,295.75,4.558289633,150.174,137.080125,4.558289633,224.322739,1544.870759,9/2/2025,9/2/2025 12:50
9/5/2025,9/5/2025 19:03,PLAYER_1188,Mens Basketball,515.25,434.25,8.530805687,,,,246.120647,1548.842445,9/5/2025,9/5/2025 19:30
9/5/2025,9/5/2025 19:07,PLAYER_412,Mens Basketball,519.25,464.25,5.592272496,250.018875,223.536375,5.592272496,263.073799,1986.673482,9/5/2025,9/5/2025 19:30
9/5/2025,9/5/2025 19:16,PLAYER_540,Mens Basketball,493.25,441.75,5.50802139,206.425125,184.872375,5.50802139,243.282944,1826.414888,9/5/2025,9/5/2025 19:30
9/5/2025,9/5/2025 19:06,PLAYER_616,Mens Basketball,615.25,529.75,7.467248908,257.482125,221.700375,7.467248908,265.282639,1936.782128,9/5/2025,9/5/2025 19:30
9/5/2025,9/5/2025 19:00,PLAYER_755,Mens Basketball,386,300.25,12.49544627,203.229,158.081625,12.49544627,344.297804,2506.946001,9/5/2025,9/5/2025 19:30
9/5/2025,9/5/2025 19:13,PLAYER_760,Mens Basketball,465.75,466.25,-0.053648069,194.916375,195.125625,-0.053648069,196.920664,1528.640054,9/5/2025,9/5/2025 19:30
9/5/2025,9/5/2025 19:10,PLAYER_958,Mens Basketball,511.75,471.25,4.120040692,278.647875,256.595625,4.120040692,304.851452,1815.821854,9/5/2025,9/5/2025 19:30
9/5/2025,9/5/2025 19:05,PLAYER_995,Mens Basketball,490.5,400.5,10.1010101,249.41925,203.65425,10.1010101,291.735764,2195.116395,9/5/2025,9/5/2025 19:30
