X,playername,timestamp,accel_load_accum,distance_total,leftMaxForce,leftTorque,rightMaxForce,rightTorque,torque_difference,max_force_difference
0,PLAYER_1128,6/15/2022,NA,NA,318.25,138.916125,276.5,120.69225,18.223875,41.75
1,PLAYER_1128,6/30/2022,NA,NA,292.75,127.785375,255.75,111.634875,16.1505,37
2,PLAYER_1128,7/14/2022,585.125301,4057.512973,NA,NA,NA,NA,NA,NA
3,PLAYER_1128,7/18/2022,354.546925,2286.29818,NA,NA,NA,NA,NA,NA
4,PLAYER_1128,7/19/2022,373.493541,2435.129281,NA,NA,NA,NA,NA,NA
5,PLAYER_1128,7/29/2022,606.568631,3973.093681,NA,NA,NA,NA,NA,NA
6,PLAYER_1128,8/1/2022,NA,NA,331,144.4815,296.5,129.42225,15.05925,34.5
7,PLAYER_1128,8/2/2022,659.15051,4908.17598,NA,NA,NA,NA,NA,NA
8,PLAYER_1128,8/4/2022,714.503662,5078.651631,NA,NA,NA,NA,NA,NA
9,PLAYER_1128,8/22/2022,708.232286,5574.591782,NA,NA,NA,NA,NA,NA
10,PLAYER_1128,8/24/2022,479.052361,3602.601778,NA,NA,NA,NA,NA,NA
11,PLAYER_1128,8/24/2022,NA,NA,342,149.283,274,119.601,29.682,68
12,PLAYER_1128,8/26/2022,679.00001,5504.545007,NA,NA,NA,NA,NA,NA
13,PLAYER_1128,8/29/2022,768.965673,6167.706101,NA,NA,NA,NA,NA,NA
14,PLAYER_1128,8/31/2022,394.613215,2702.988246,NA,NA,NA,NA,NA,NA
15,PLAYER_1128,9/1/2022,785.780755,5959.446417,NA,NA,NA,NA,NA,NA
16,PLAYER_1128,9/2/2022,647.526582,4510.170197,NA,NA,NA,NA,NA,NA
17,PLAYER_1128,9/6/2022,521.228588,3532.474403,NA,NA,NA,NA,NA,NA
18,PLAYER_1128,9/7/2022,758.73053,6294.59048,NA,NA,NA,NA,NA,NA
19,PLAYER_1128,9/8/2022,797.848332,5986.224687,NA,NA,NA,NA,NA,NA
20,PLAYER_1128,9/9/2022,589.840242,4689.654258,NA,NA,NA,NA,NA,NA
21,PLAYER_1128,9/12/2022,745.21764,5510.126788,NA,NA,NA,NA,NA,NA
22,PLAYER_1128,9/13/2022,756.196354,5957.480593,NA,NA,NA,NA,NA,NA
23,PLAYER_1128,9/14/2022,436.765959,3224.145764,NA,NA,NA,NA,NA,NA
24,PLAYER_1128,9/15/2022,856.341681,6252.612553,NA,NA,NA,NA,NA,NA
25,PLAYER_1128,9/16/2022,943.170502,7137.776428,NA,NA,NA,NA,NA,NA
26,PLAYER_1128,9/19/2022,743.20757,5634.79703,NA,NA,NA,NA,NA,NA
27,PLAYER_1128,9/19/2022,NA,NA,337,147.1005,267.5,116.76375,30.33675,69.5
28,PLAYER_1128,9/20/2022,707.242321,5279.93501,NA,NA,NA,NA,NA,NA
29,PLAYER_1128,9/21/2022,519.995816,3965.102818,NA,NA,NA,NA,NA,NA
30,PLAYER_1128,9/22/2022,809.738012,5638.281133,NA,NA,NA,NA,NA,NA
31,PLAYER_1128,9/23/2022,862.169592,6432.27335,NA,NA,NA,NA,NA,NA
32,PLAYER_1128,9/26/2022,1133.750731,7624.617617,NA,NA,NA,NA,NA,NA
33,PLAYER_1128,9/27/2022,1114.090277,8174.094127,NA,NA,NA,NA,NA,NA
34,PLAYER_1128,9/28/2022,779.512951,6036.840552,NA,NA,NA,NA,NA,NA
35,PLAYER_1128,9/29/2022,985.695766,7394.146327,NA,NA,NA,NA,NA,NA
36,PLAYER_1128,9/30/2022,1216.705463,8687.158954,NA,NA,NA,NA,NA,NA
37,PLAYER_1128,10/2/2022,937.139915,7328.51599,NA,NA,NA,NA,NA,NA
38,PLAYER_1128,10/3/2022,939.294943,7033.249097,NA,NA,NA,NA,NA,NA
39,PLAYER_1128,10/5/2022,1027.265453,7586.348475,NA,NA,NA,NA,NA,NA
40,PLAYER_1128,10/6/2022,753.810301,5438.422485,NA,NA,NA,NA,NA,NA
41,PLAYER_1128,10/7/2022,1247.739166,9183.598009,NA,NA,NA,NA,NA,NA
42,PLAYER_1128,10/12/2022,1053.212659,7816.871699,NA,NA,NA,NA,NA,NA
43,PLAYER_1128,10/13/2022,731.910294,5351.846003,NA,NA,NA,NA,NA,NA
44,PLAYER_1128,10/14/2022,777.530645,5633.244981,NA,NA,NA,NA,NA,NA
45,PLAYER_1128,10/15/2022,895.989396,6513.423211,NA,NA,NA,NA,NA,NA
46,PLAYER_1128,10/17/2022,1051.436521,7847.021296,NA,NA,NA,NA,NA,NA
47,PLAYER_1128,10/18/2022,883.959687,6666.497009,NA,NA,NA,NA,NA,NA
48,PLAYER_1128,10/19/2022,971.038593,7026.09395,NA,NA,NA,NA,NA,NA
49,PLAYER_1128,10/21/2022,810.749272,5834.017873,NA,NA,NA,NA,NA,NA
50,PLAYER_1128,10/22/2022,692.809051,5004.740251,NA,NA,NA,NA,NA,NA
51,PLAYER_1128,10/23/2022,888.66863,6768.267587,NA,NA,NA,NA,NA,NA
52,PLAYER_1128,11/1/2022,620.024008,4897.072435,NA,NA,NA,NA,NA,NA
53,PLAYER_1128,11/2/2022,430.401618,2965.769643,NA,NA,NA,NA,NA,NA
54,PLAYER_1128,11/3/2022,690.874266,4756.919107,NA,NA,NA,NA,NA,NA
55,PLAYER_1128,11/5/2022,593.357421,4323.992191,NA,NA,NA,NA,NA,NA
56,PLAYER_1128,11/6/2022,395.176819,2693.358596,NA,NA,NA,NA,NA,NA
57,PLAYER_1128,11/7/2022,1040.705604,7522.854072,NA,NA,NA,NA,NA,NA
58,PLAYER_1128,11/8/2022,247.33564,1787.925168,NA,NA,NA,NA,NA,NA
59,PLAYER_1128,11/9/2022,692.542945,5053.44621,NA,NA,NA,NA,NA,NA
60,PLAYER_1128,11/10/2022,1081.917648,8204.369058,NA,NA,NA,NA,NA,NA
61,PLAYER_1128,11/12/2022,659.009204,4792.307408,NA,NA,NA,NA,NA,NA
62,PLAYER_1128,11/13/2022,523.912427,3664.592964,NA,NA,NA,NA,NA,NA
63,PLAYER_1128,11/14/2022,719.528237,5023.47792,NA,NA,NA,NA,NA,NA
64,PLAYER_1128,11/16/2022,658.691237,5030.61287,NA,NA,NA,NA,NA,NA
65,PLAYER_1128,11/17/2022,825.384981,5905.942455,NA,NA,NA,NA,NA,NA
66,PLAYER_1128,11/18/2022,530.561811,3575.564552,NA,NA,NA,NA,NA,NA
67,PLAYER_1128,11/19/2022,832.115012,5909.667199,NA,NA,NA,NA,NA,NA
68,PLAYER_1128,11/21/2022,737.863589,5303.091858,NA,NA,NA,NA,NA,NA
69,PLAYER_1128,11/22/2022,510.395745,3573.391228,NA,NA,NA,NA,NA,NA
70,PLAYER_1128,11/23/2022,818.725701,6170.393738,NA,NA,NA,NA,NA,NA
71,PLAYER_1128,11/24/2022,866.066871,6453.49668,NA,NA,NA,NA,NA,NA
72,PLAYER_1128,11/27/2022,748.076861,5698.702822,NA,NA,NA,NA,NA,NA
73,PLAYER_1128,11/29/2022,55.879715,365.422826,NA,NA,NA,NA,NA,NA
74,PLAYER_1128,11/30/2022,518.002631,3569.223195,NA,NA,NA,NA,NA,NA
75,PLAYER_1128,12/1/2022,680.725997,4398.437427,NA,NA,NA,NA,NA,NA
76,PLAYER_1128,12/2/2022,306.127413,1930.334067,NA,NA,NA,NA,NA,NA
77,PLAYER_1128,12/3/2022,771.716561,5362.135767,NA,NA,NA,NA,NA,NA
78,PLAYER_1128,12/5/2022,826.097005,5755.977158,NA,NA,NA,NA,NA,NA
79,PLAYER_1128,12/6/2022,476.654818,3289.72052,NA,NA,NA,NA,NA,NA
80,PLAYER_1128,12/7/2022,732.449659,5026.853613,NA,NA,NA,NA,NA,NA
81,PLAYER_1128,12/8/2022,634.350415,5108.879807,NA,NA,NA,NA,NA,NA
82,PLAYER_1128,12/9/2022,502.559796,3560.313303,NA,NA,NA,NA,NA,NA
83,PLAYER_1128,12/10/2022,864.090067,6337.075125,NA,NA,NA,NA,NA,NA
84,PLAYER_1128,12/13/2022,399.126668,2438.345919,NA,NA,NA,NA,NA,NA
85,PLAYER_1128,12/13/2022,NA,NA,383.25,167.288625,285,124.4025,42.886125,98.25
86,PLAYER_1128,12/15/2022,619.280665,4454.071284,NA,NA,NA,NA,NA,NA
87,PLAYER_1128,12/16/2022,791.200369,5586.572886,NA,NA,NA,NA,NA,NA
88,PLAYER_1128,12/17/2022,648.211879,5099.441992,NA,NA,NA,NA,NA,NA
89,PLAYER_1128,12/19/2022,837.886459,6135.360482,NA,NA,NA,NA,NA,NA
90,PLAYER_1128,12/20/2022,652.673653,4656.606017,NA,NA,NA,NA,NA,NA
91,PLAYER_1128,12/21/2022,801.337998,5987.209677,NA,NA,NA,NA,NA,NA
92,PLAYER_1128,12/26/2022,373.313791,2742.672164,NA,NA,NA,NA,NA,NA
93,PLAYER_1128,12/27/2022,752.378109,5438.90258,NA,NA,NA,NA,NA,NA
94,PLAYER_1128,12/28/2022,666.137066,4687.24635,NA,NA,NA,NA,NA,NA
95,PLAYER_1128,12/29/2022,526.020506,3726.545313,NA,NA,NA,NA,NA,NA
96,PLAYER_1128,12/30/2022,813.631609,6088.749096,NA,NA,NA,NA,NA,NA
97,PLAYER_1128,12/31/2022,292.544355,1917.361977,NA,NA,NA,NA,NA,NA
98,PLAYER_1128,1/1/2023,1016.54883,7044.049123,NA,NA,NA,NA,NA,NA
99,PLAYER_1128,1/3/2023,592.44172,4059.710102,NA,NA,NA,NA,NA,NA
100,PLAYER_1128,1/4/2023,686.80424,4774.73093,NA,NA,NA,NA,NA,NA
101,PLAYER_1128,1/5/2023,465.751396,3164.802838,NA,NA,NA,NA,NA,NA
102,PLAYER_1128,1/6/2023,830.624055,5950.041502,NA,NA,NA,NA,NA,NA
103,PLAYER_1128,1/7/2023,341.746194,2188.063465,NA,NA,NA,NA,NA,NA
104,PLAYER_1128,1/8/2023,826.708359,5809.585545,NA,NA,NA,NA,NA,NA
105,PLAYER_1128,1/10/2023,631.707978,4492.04416,NA,NA,NA,NA,NA,NA
106,PLAYER_1128,1/11/2023,591.841448,4071.971193,NA,NA,NA,NA,NA,NA
107,PLAYER_1128,1/12/2023,547.208475,3719.622704,NA,NA,NA,NA,NA,NA
108,PLAYER_1128,1/13/2023,956.18359,7044.720469,NA,NA,NA,NA,NA,NA
109,PLAYER_1128,1/14/2023,215.505337,1316.550548,NA,NA,NA,NA,NA,NA
110,PLAYER_1128,1/17/2023,640.750433,4530.888335,NA,NA,NA,NA,NA,NA
111,PLAYER_1128,1/18/2023,656.302221,4580.828697,NA,NA,NA,NA,NA,NA
112,PLAYER_1128,1/19/2023,498.356293,3359.729496,NA,NA,NA,NA,NA,NA
113,PLAYER_1128,1/20/2023,892.264488,6218.705104,NA,NA,NA,NA,NA,NA
114,PLAYER_1128,1/21/2023,241.108124,1470.112109,NA,NA,NA,NA,NA,NA
115,PLAYER_1128,1/22/2023,965.825016,6932.69587,NA,NA,NA,NA,NA,NA
116,PLAYER_1128,1/24/2023,627.180518,4499.531955,NA,NA,NA,NA,NA,NA
117,PLAYER_1128,1/25/2023,462.633936,3263.317817,NA,NA,NA,NA,NA,NA
118,PLAYER_1128,1/26/2023,1088.582893,8248.139455,NA,NA,NA,NA,NA,NA
119,PLAYER_1128,1/27/2023,349.908306,2108.239131,NA,NA,NA,NA,NA,NA
120,PLAYER_1128,1/28/2023,439.1346,3058.934005,NA,NA,NA,NA,NA,NA
121,PLAYER_1128,1/29/2023,1094.423801,8095.381572,NA,NA,NA,NA,NA,NA
122,PLAYER_1128,1/31/2023,497.641678,2971.244941,NA,NA,NA,NA,NA,NA
123,PLAYER_1128,2/2/2023,601.57281,4189.473437,NA,NA,NA,NA,NA,NA
124,PLAYER_1128,2/3/2023,519.719517,3585.85291,NA,NA,NA,NA,NA,NA
125,PLAYER_1128,2/4/2023,401.760325,2698.080676,NA,NA,NA,NA,NA,NA
126,PLAYER_1128,2/5/2023,981.659367,7235.19958,NA,NA,NA,NA,NA,NA
127,PLAYER_1128,2/7/2023,542.219145,3707.980513,NA,NA,NA,NA,NA,NA
128,PLAYER_1128,2/8/2023,418.568677,2784.502577,NA,NA,NA,NA,NA,NA
129,PLAYER_1128,2/9/2023,1015.525154,7542.710677,NA,NA,NA,NA,NA,NA
130,PLAYER_1128,2/11/2023,442.743084,3020.52796,NA,NA,NA,NA,NA,NA
131,PLAYER_1128,2/12/2023,891.557987,6451.423224,NA,NA,NA,NA,NA,NA
132,PLAYER_1128,2/15/2023,677.109963,4778.322279,NA,NA,NA,NA,NA,NA
133,PLAYER_1128,2/16/2023,412.369669,2874.588322,NA,NA,NA,NA,NA,NA
134,PLAYER_1128,2/17/2023,908.906628,7216.389054,NA,NA,NA,NA,NA,NA
135,PLAYER_1128,2/18/2023,335.054242,2108.518775,NA,NA,NA,NA,NA,NA
136,PLAYER_1128,2/19/2023,927.942408,6744.018089,NA,NA,NA,NA,NA,NA
137,PLAYER_1128,2/20/2023,320.436177,2228.800503,NA,NA,NA,NA,NA,NA
138,PLAYER_1128,2/22/2023,693.681154,5039.387994,NA,NA,NA,NA,NA,NA
139,PLAYER_1128,2/23/2023,421.486156,2971.905219,NA,NA,NA,NA,NA,NA
140,PLAYER_1128,2/24/2023,706.177537,5387.356378,NA,NA,NA,NA,NA,NA
141,PLAYER_1128,2/25/2023,352.028535,2335.981418,NA,NA,NA,NA,NA,NA
142,PLAYER_1128,2/26/2023,931.534963,7329.305288,NA,NA,NA,NA,NA,NA
143,PLAYER_1128,2/28/2023,508.637267,3640.864013,NA,NA,NA,NA,NA,NA
144,PLAYER_1128,3/1/2023,442.793719,3112.943826,NA,NA,NA,NA,NA,NA
145,PLAYER_1128,3/2/2023,1036.249879,7839.42243,NA,NA,NA,NA,NA,NA
146,PLAYER_1128,3/3/2023,313.322876,1990.425877,NA,NA,NA,NA,NA,NA
147,PLAYER_1128,3/4/2023,867.412721,6767.461274,NA,NA,NA,NA,NA,NA
148,PLAYER_1128,3/6/2023,359.309512,2439.599666,NA,NA,NA,NA,NA,NA
149,PLAYER_1128,3/7/2023,592.202019,4382.668407,NA,NA,NA,NA,NA,NA
150,PLAYER_1128,3/8/2023,476.342829,3360.002543,NA,NA,NA,NA,NA,NA
151,PLAYER_1128,3/9/2023,954.965582,7195.86065,NA,NA,NA,NA,NA,NA
152,PLAYER_1128,3/10/2023,873.163451,6949.456836,NA,NA,NA,NA,NA,NA
153,PLAYER_1128,3/27/2023,NA,NA,338,147.537,287.5,125.49375,22.04325,50.5
154,PLAYER_1128,4/12/2023,650.702315,5240.198287,NA,NA,NA,NA,NA,NA
155,PLAYER_1128,4/13/2023,440.118595,2330.378854,NA,NA,NA,NA,NA,NA
156,PLAYER_1128,4/17/2023,983.356019,6854.253013,NA,NA,NA,NA,NA,NA
157,PLAYER_1128,4/17/2023,NA,NA,208.75,91.119375,248.75,108.579375,-17.46,-40
158,PLAYER_1128,4/17/2023,NA,NA,356.25,155.503125,299.5,130.73175,24.771375,56.75
159,PLAYER_1128,4/18/2023,247.543453,1482.132257,NA,NA,NA,NA,NA,NA
160,PLAYER_1128,4/19/2023,972.898245,7008.996162,NA,NA,NA,NA,NA,NA
161,PLAYER_1128,4/20/2023,416.484348,2044.641922,NA,NA,NA,NA,NA,NA
162,PLAYER_1128,4/21/2023,266.434654,1883.966163,NA,NA,NA,NA,NA,NA
163,PLAYER_1128,4/24/2023,811.463974,5608.186509,NA,NA,NA,NA,NA,NA
164,PLAYER_1128,4/24/2023,NA,NA,367.75,160.522875,308,134.442,26.080875,59.75
165,PLAYER_1128,4/25/2023,435.878062,2025.669859,NA,NA,NA,NA,NA,NA
166,PLAYER_1128,4/26/2023,643.856659,3685.429127,NA,NA,NA,NA,NA,NA
167,PLAYER_1128,4/27/2023,351.29166,1634.368433,NA,NA,NA,NA,NA,NA
168,PLAYER_1128,4/28/2023,564.11586,4467.578649,NA,NA,NA,NA,NA,NA
169,PLAYER_1128,6/14/2023,NA,NA,412.75,180.165375,308.5,134.66025,45.505125,104.25
170,PLAYER_1128,6/15/2023,NA,NA,293.75,128.221875,238,103.887,24.334875,55.75
171,PLAYER_1128,6/26/2023,NA,NA,356.5,155.61225,287.5,125.49375,30.1185,69
172,PLAYER_1128,8/28/2023,236.491145,1728.241703,NA,NA,NA,NA,NA,NA
173,PLAYER_1128,8/28/2023,491.06566,3972.355538,NA,NA,NA,NA,NA,NA
174,PLAYER_1128,8/29/2023,400.142351,2669.455382,NA,NA,NA,NA,NA,NA
175,PLAYER_1128,8/30/2023,198.085002,1259.566319,NA,NA,NA,NA,NA,NA
176,PLAYER_1128,8/30/2023,643.983356,5358.711528,NA,NA,NA,NA,NA,NA
177,PLAYER_1128,8/31/2023,392.878073,2536.06177,NA,NA,NA,NA,NA,NA
178,PLAYER_1128,9/1/2023,256.145419,2050.241193,NA,NA,NA,NA,NA,NA
179,PLAYER_1128,9/1/2023,560.755153,4701.906458,NA,NA,NA,NA,NA,NA
180,PLAYER_1128,9/1/2023,NA,NA,383.25,167.288625,335.75,146.554875,20.73375,47.5
181,PLAYER_1128,9/5/2023,249.267872,1932.523791,NA,NA,NA,NA,NA,NA
182,PLAYER_1128,9/5/2023,402.671261,2365.68972,NA,NA,NA,NA,NA,NA
183,PLAYER_1128,9/6/2023,191.006645,1276.483383,NA,NA,NA,NA,NA,NA
184,PLAYER_1128,9/6/2023,631.517509,5384.96732,NA,NA,NA,NA,NA,NA
185,PLAYER_1128,9/7/2023,447.924814,2847.035964,NA,NA,NA,NA,NA,NA
186,PLAYER_1128,9/8/2023,279.609199,2148.954326,NA,NA,NA,NA,NA,NA
187,PLAYER_1128,9/8/2023,591.868578,4890.877683,NA,NA,NA,NA,NA,NA
188,PLAYER_1128,9/11/2023,249.81862,1902.603464,NA,NA,NA,NA,NA,NA
189,PLAYER_1128,9/11/2023,415.304375,3203.432166,NA,NA,NA,NA,NA,NA
190,PLAYER_1128,9/12/2023,610.311532,4272.742795,NA,NA,NA,NA,NA,NA
191,PLAYER_1128,9/13/2023,203.272416,1327.348688,NA,NA,NA,NA,NA,NA
192,PLAYER_1128,9/14/2023,714.894039,5380.666414,NA,NA,NA,NA,NA,NA
193,PLAYER_1128,9/15/2023,307.535119,2473.426902,NA,NA,NA,NA,NA,NA
194,PLAYER_1128,9/15/2023,442.568134,2626.469546,NA,NA,NA,NA,NA,NA
195,PLAYER_1128,9/18/2023,250.095847,1922.295764,NA,NA,NA,NA,NA,NA
196,PLAYER_1128,9/18/2023,315.075088,2497.64785,NA,NA,NA,NA,NA,NA
197,PLAYER_1128,9/19/2023,630.36244,4661.722921,NA,NA,NA,NA,NA,NA
198,PLAYER_1128,9/20/2023,216.39934,1386.052115,NA,NA,NA,NA,NA,NA
199,PLAYER_1128,9/21/2023,674.55327,4981.768501,NA,NA,NA,NA,NA,NA
200,PLAYER_1128,9/22/2023,241.246582,1743.905922,NA,NA,NA,NA,NA,NA
201,PLAYER_1128,9/22/2023,419.59722,2385.488236,NA,NA,NA,NA,NA,NA
202,PLAYER_1128,9/25/2023,878.395465,5983.229844,NA,NA,NA,NA,NA,NA
203,PLAYER_1128,9/26/2023,730.544912,5129.338756,NA,NA,NA,NA,NA,NA
204,PLAYER_1128,9/28/2023,875.21873,6535.030511,NA,NA,NA,NA,NA,NA
205,PLAYER_1128,9/29/2023,798.784749,5894.553324,NA,NA,NA,NA,NA,NA
206,PLAYER_1128,9/30/2023,1057.667078,7580.898589,NA,NA,NA,NA,NA,NA
207,PLAYER_1128,10/2/2023,936.199381,6737.406198,NA,NA,NA,NA,NA,NA
208,PLAYER_1128,10/3/2023,848.960159,6155.263763,NA,NA,NA,NA,NA,NA
209,PLAYER_1128,10/4/2023,801.8799,5253.715286,NA,NA,NA,NA,NA,NA
210,PLAYER_1128,10/5/2023,821.814139,6076.283949,NA,NA,NA,NA,NA,NA
211,PLAYER_1128,10/6/2023,1070.292581,7960.499456,NA,NA,NA,NA,NA,NA
212,PLAYER_1128,10/11/2023,907.144103,6470.808739,NA,NA,NA,NA,NA,NA
213,PLAYER_1128,10/12/2023,858.034188,6075.390542,NA,NA,NA,NA,NA,NA
214,PLAYER_1128,10/13/2023,597.362926,4064.982035,NA,NA,NA,NA,NA,NA
215,PLAYER_1128,10/15/2023,860.666381,6401.975465,NA,NA,NA,NA,NA,NA
216,PLAYER_1128,10/19/2023,649.866647,4268.73087,NA,NA,NA,NA,NA,NA
217,PLAYER_1128,10/20/2023,750.178704,5067.790619,NA,NA,NA,NA,NA,NA
218,PLAYER_1128,10/22/2023,846.480779,6555.294254,NA,NA,NA,NA,NA,NA
219,PLAYER_1128,10/23/2023,449.972855,3081.163006,NA,NA,NA,NA,NA,NA
220,PLAYER_1128,10/24/2023,805.556485,5829.420669,NA,NA,NA,NA,NA,NA
221,PLAYER_1128,10/26/2023,626.625588,4165.141164,NA,NA,NA,NA,NA,NA
222,PLAYER_1128,10/27/2023,471.650736,3136.866521,NA,NA,NA,NA,NA,NA
223,PLAYER_1128,10/28/2023,885.615424,6508.348724,NA,NA,NA,NA,NA,NA
224,PLAYER_1128,10/30/2023,598.733098,4102.355512,NA,NA,NA,NA,NA,NA
225,PLAYER_1128,10/31/2023,653.554485,4374.129845,NA,NA,NA,NA,NA,NA
226,PLAYER_1128,11/1/2023,540.593808,3804.207309,NA,NA,NA,NA,NA,NA
227,PLAYER_1128,11/2/2023,705.402811,5281.004717,NA,NA,NA,NA,NA,NA
228,PLAYER_1128,11/4/2023,641.616762,4689.031094,NA,NA,NA,NA,NA,NA
229,PLAYER_1128,11/5/2023,484.782171,3287.473415,NA,NA,NA,NA,NA,NA
230,PLAYER_1128,11/6/2023,814.906498,5953.408226,NA,NA,NA,NA,NA,NA
231,PLAYER_1128,11/8/2023,653.916523,4598.041583,NA,NA,NA,NA,NA,NA
232,PLAYER_1128,11/9/2023,624.375111,4399.617502,NA,NA,NA,NA,NA,NA
233,PLAYER_1128,11/10/2023,432.859751,2908.35485,NA,NA,NA,NA,NA,NA
234,PLAYER_1128,11/11/2023,924.786422,6458.329323,NA,NA,NA,NA,NA,NA
235,PLAYER_1128,11/13/2023,634.166365,4497.232606,NA,NA,NA,NA,NA,NA
236,PLAYER_1128,11/14/2023,486.558754,3359.906944,NA,NA,NA,NA,NA,NA
237,PLAYER_1128,11/14/2023,481.540118,3342.231729,NA,NA,NA,NA,NA,NA
238,PLAYER_1128,11/15/2023,907.225291,6565.924859,NA,NA,NA,NA,NA,NA
239,PLAYER_1128,11/17/2023,711.046661,5000.320875,NA,NA,NA,NA,NA,NA
240,PLAYER_1128,11/18/2023,402.832949,2693.967297,NA,NA,NA,NA,NA,NA
241,PLAYER_1128,11/19/2023,930.68108,6563.503932,NA,NA,NA,NA,NA,NA
242,PLAYER_1128,11/20/2023,434.575882,2745.406388,NA,NA,NA,NA,NA,NA
243,PLAYER_1128,11/21/2023,392.614596,2625.851504,NA,NA,NA,NA,NA,NA
244,PLAYER_1128,11/22/2023,845.76831,6436.921994,NA,NA,NA,NA,NA,NA
245,PLAYER_1128,11/24/2023,661.641873,4812.890334,NA,NA,NA,NA,NA,NA
246,PLAYER_1128,11/25/2023,419.878879,3010.969302,NA,NA,NA,NA,NA,NA
247,PLAYER_1128,11/26/2023,933.689688,6578.416702,NA,NA,NA,NA,NA,NA
248,PLAYER_1128,11/28/2023,871.511436,6122.649692,NA,NA,NA,NA,NA,NA
249,PLAYER_1128,11/29/2023,452.719983,2350.879615,NA,NA,NA,NA,NA,NA
250,PLAYER_1128,11/30/2023,583.403471,3847.672948,NA,NA,NA,NA,NA,NA
251,PLAYER_1128,12/1/2023,484.974273,3159.732088,NA,NA,NA,NA,NA,NA
252,PLAYER_1128,12/2/2023,694.917676,4800.273737,NA,NA,NA,NA,NA,NA
253,PLAYER_1128,12/4/2023,470.05661,3171.680905,NA,NA,NA,NA,NA,NA
254,PLAYER_1128,12/5/2023,426.500021,2726.020421,NA,NA,NA,NA,NA,NA
255,PLAYER_1128,12/6/2023,876.649972,6020.483721,NA,NA,NA,NA,NA,NA
256,PLAYER_1128,12/8/2023,624.970706,4574.059147,NA,NA,NA,NA,NA,NA
257,PLAYER_1128,12/9/2023,676.420948,4556.273795,NA,NA,NA,NA,NA,NA
258,PLAYER_1128,12/10/2023,5.279209,10.309663,NA,NA,NA,NA,NA,NA
259,PLAYER_1128,12/10/2023,482.259617,3220.056797,NA,NA,NA,NA,NA,NA
260,PLAYER_1128,12/11/2023,812.559036,5691.17817,NA,NA,NA,NA,NA,NA
261,PLAYER_1128,12/14/2023,777.313314,5412.182708,NA,NA,NA,NA,NA,NA
262,PLAYER_1128,12/15/2023,750.895594,5324.232009,NA,NA,NA,NA,NA,NA
263,PLAYER_1128,12/16/2023,408.535203,2100.254096,NA,NA,NA,NA,NA,NA
264,PLAYER_1128,12/18/2023,767.021383,4946.807549,NA,NA,NA,NA,NA,NA
265,PLAYER_1128,12/19/2023,720.890555,5054.563938,NA,NA,NA,NA,NA,NA
266,PLAYER_1128,12/20/2023,458.111672,3177.482107,NA,NA,NA,NA,NA,NA
267,PLAYER_1128,12/20/2023,32.62474,212.374777,NA,NA,NA,NA,NA,NA
268,PLAYER_1128,12/21/2023,733.421783,5045.431412,NA,NA,NA,NA,NA,NA
269,PLAYER_1128,12/26/2023,524.551677,4253.582497,NA,NA,NA,NA,NA,NA
270,PLAYER_1128,12/27/2023,796.039037,5578.883501,NA,NA,NA,NA,NA,NA
271,PLAYER_1128,12/28/2023,764.139271,5543.48362,NA,NA,NA,NA,NA,NA
272,PLAYER_1128,12/29/2023,519.778494,3599.884049,NA,NA,NA,NA,NA,NA
273,PLAYER_1128,12/29/2023,516.656333,3577.57266,NA,NA,NA,NA,NA,NA
274,PLAYER_1128,12/30/2023,898.81617,6354.234522,NA,NA,NA,NA,NA,NA
275,PLAYER_1128,1/1/2024,412.321497,2439.543118,NA,NA,NA,NA,NA,NA
276,PLAYER_1128,1/2/2024,773.110475,5223.642732,NA,NA,NA,NA,NA,NA
277,PLAYER_1128,1/3/2024,677.049172,4730.973613,NA,NA,NA,NA,NA,NA
278,PLAYER_1128,1/4/2024,1.604752,6.203306,NA,NA,NA,NA,NA,NA
279,PLAYER_1128,1/4/2024,444.324402,3139.701188,NA,NA,NA,NA,NA,NA
280,PLAYER_1128,1/5/2024,790.314734,5376.311284,NA,NA,NA,NA,NA,NA
281,PLAYER_1128,1/6/2024,339.163752,2237.364563,NA,NA,NA,NA,NA,NA
282,PLAYER_1128,1/7/2024,915.057004,6673.357143,NA,NA,NA,NA,NA,NA
283,PLAYER_1128,1/9/2024,737.980103,5161.916748,NA,NA,NA,NA,NA,NA
284,PLAYER_1128,1/10/2024,686.248299,4739.259489,NA,NA,NA,NA,NA,NA
285,PLAYER_1128,1/11/2024,335.633884,2095.519564,NA,NA,NA,NA,NA,NA
286,PLAYER_1128,1/12/2024,884.910887,6597.109732,NA,NA,NA,NA,NA,NA
287,PLAYER_1128,1/13/2024,371.710377,2434.38245,NA,NA,NA,NA,NA,NA
288,PLAYER_1128,1/14/2024,926.50533,6861.573442,NA,NA,NA,NA,NA,NA
289,PLAYER_1128,1/16/2024,538.422141,4356.414388,NA,NA,NA,NA,NA,NA
290,PLAYER_1128,1/17/2024,705.507116,4928.402303,NA,NA,NA,NA,NA,NA
291,PLAYER_1128,1/18/2024,385.161329,2676.688336,NA,NA,NA,NA,NA,NA
292,PLAYER_1128,1/19/2024,768.950423,5451.785488,NA,NA,NA,NA,NA,NA
293,PLAYER_1128,1/20/2024,204.194425,1348.245493,NA,NA,NA,NA,NA,NA
294,PLAYER_1128,1/21/2024,1063.984573,7762.380501,NA,NA,NA,NA,NA,NA
295,PLAYER_1128,1/23/2024,449.542914,2594.205334,NA,NA,NA,NA,NA,NA
296,PLAYER_1128,1/24/2024,583.810801,3769.822369,NA,NA,NA,NA,NA,NA
297,PLAYER_1128,1/25/2024,475.125366,NA,NA,NA,NA,NA,NA,NA
298,PLAYER_1128,1/27/2024,404.497657,2572.63791,NA,NA,NA,NA,NA,NA
299,PLAYER_1128,1/28/2024,691.575652,5016.076393,NA,NA,NA,NA,NA,NA
300,PLAYER_1128,1/30/2024,507.199822,2905.767811,NA,NA,NA,NA,NA,NA
301,PLAYER_1128,1/31/2024,595.820759,3509.679529,NA,NA,NA,NA,NA,NA
302,PLAYER_1128,2/1/2024,272.654062,1284.633654,NA,NA,NA,NA,NA,NA
303,PLAYER_1128,2/3/2024,301.206966,1768.411234,NA,NA,NA,NA,NA,NA
304,PLAYER_1128,2/4/2024,818.366945,5332.450693,NA,NA,NA,NA,NA,NA
305,PLAYER_1128,2/8/2024,428.824506,2908.63676,NA,NA,NA,NA,NA,NA
306,PLAYER_1128,2/9/2024,869.68378,6021.162719,NA,NA,NA,NA,NA,NA
307,PLAYER_1128,2/10/2024,371.00395,2398.873549,NA,NA,NA,NA,NA,NA
308,PLAYER_1128,2/11/2024,772.816132,5024.742386,NA,NA,NA,NA,NA,NA
309,PLAYER_1128,2/12/2024,238.403671,1696.235761,NA,NA,NA,NA,NA,NA
310,PLAYER_1128,2/14/2024,677.611754,4895.40923,NA,NA,NA,NA,NA,NA
311,PLAYER_1128,2/14/2024,NA,NA,396.25,172.963125,313.5,136.84275,36.120375,82.75
312,PLAYER_1128,2/15/2024,436.321355,2988.659581,NA,NA,NA,NA,NA,NA
313,PLAYER_1128,2/16/2024,774.381055,5349.003067,NA,NA,NA,NA,NA,NA
314,PLAYER_1128,2/17/2024,371.418199,2381.474275,NA,NA,NA,NA,NA,NA
315,PLAYER_1128,2/18/2024,816.280152,5577.204918,NA,NA,NA,NA,NA,NA
316,PLAYER_1128,2/21/2024,618.622255,4190.569079,NA,NA,NA,NA,NA,NA
317,PLAYER_1128,2/22/2024,598.742646,4140.466499,NA,NA,NA,NA,NA,NA
318,PLAYER_1128,2/23/2024,106.206665,608.915316,NA,NA,NA,NA,NA,NA
319,PLAYER_1128,2/24/2024,547.507113,3675.134754,NA,NA,NA,NA,NA,NA
320,PLAYER_1128,2/25/2024,669.118526,4783.131926,NA,NA,NA,NA,NA,NA
321,PLAYER_1128,2/26/2024,480.416506,3300.641706,NA,NA,NA,NA,NA,NA
322,PLAYER_1128,2/28/2024,667.370609,4987.775036,NA,NA,NA,NA,NA,NA
323,PLAYER_1128,2/29/2024,452.885157,3279.697164,NA,NA,NA,NA,NA,NA
324,PLAYER_1128,3/1/2024,1071.087238,7566.011552,NA,NA,NA,NA,NA,NA
325,PLAYER_1128,3/2/2024,325.9941,2130.706242,NA,NA,NA,NA,NA,NA
326,PLAYER_1128,3/5/2024,643.09254,4622.862976,NA,NA,NA,NA,NA,NA
327,PLAYER_1128,3/6/2024,456.577591,3212.392779,NA,NA,NA,NA,NA,NA
328,PLAYER_1128,3/7/2024,853.042342,6153.671128,NA,NA,NA,NA,NA,NA
329,PLAYER_1128,3/8/2024,335.899678,2355.291748,NA,NA,NA,NA,NA,NA
330,PLAYER_1128,3/9/2024,1013.313174,7516.463597,NA,NA,NA,NA,NA,NA
331,PLAYER_1128,3/12/2024,529.493246,3320.098038,NA,NA,NA,NA,NA,NA
332,PLAYER_1128,3/13/2024,560.004799,3900.671649,NA,NA,NA,NA,NA,NA
333,PLAYER_1128,3/14/2024,412.108301,2974.544028,NA,NA,NA,NA,NA,NA
334,PLAYER_1128,3/15/2024,973.691201,6794.028655,NA,NA,NA,NA,NA,NA
335,PLAYER_1128,3/16/2024,842.438395,5795.22416,NA,NA,NA,NA,NA,NA
336,PLAYER_1128,3/17/2024,1016.190664,7141.117637,NA,NA,NA,NA,NA,NA
337,PLAYER_1128,3/19/2024,292.671979,2273.363372,NA,NA,NA,NA,NA,NA
338,PLAYER_1128,3/21/2024,902.377177,6344.71085,NA,NA,NA,NA,NA,NA
339,PLAYER_1128,3/22/2024,286.557005,2051.296224,NA,NA,NA,NA,NA,NA
340,PLAYER_1128,3/24/2024,902.660955,6515.733764,NA,NA,NA,NA,NA,NA
341,PLAYER_1128,3/24/2024,391.998042,2903.370106,NA,NA,NA,NA,NA,NA
342,PLAYER_1128,6/17/2024,NA,NA,421.5,183.98475,343,149.7195,34.26525,78.5
343,PLAYER_1128,7/1/2024,402.632413,2871.774609,NA,NA,NA,NA,NA,NA
344,PLAYER_1128,7/2/2024,372.223573,2607.453204,NA,NA,NA,NA,NA,NA
345,PLAYER_1128,7/8/2024,260.858249,1724.486002,NA,NA,NA,NA,NA,NA
346,PLAYER_1128,7/9/2024,274.958761,1764.979385,NA,NA,NA,NA,NA,NA
347,PLAYER_1128,7/30/2024,0.010401,NA,NA,NA,NA,NA,NA,NA
348,PLAYER_1128,9/3/2024,NA,NA,417,174.5145,354.75,148.462875,26.051625,62.25
349,PLAYER_1128,9/4/2024,240.512399,1285.982941,NA,NA,NA,NA,NA,NA
350,PLAYER_1128,9/5/2024,363.497318,3488.95115,NA,NA,NA,NA,NA,NA
351,PLAYER_1128,9/9/2024,NA,NA,427.75,182.863125,313.25,133.914375,48.94875,114.5
352,PLAYER_1128,9/10/2024,493.360535,3384.082993,NA,NA,NA,NA,NA,NA
353,PLAYER_1128,9/11/2024,142.575151,1067.650928,NA,NA,NA,NA,NA,NA
354,PLAYER_1128,9/25/2024,523.014978,3677.215945,NA,NA,NA,NA,NA,NA
355,PLAYER_1128,9/25/2024,NA,NA,303.75,129.853125,249,106.4475,23.405625,54.75
356,PLAYER_1128,9/27/2024,622.048189,4080.073105,NA,NA,NA,NA,NA,NA
357,PLAYER_1128,9/28/2024,486.168979,3482.384063,NA,NA,NA,NA,NA,NA
358,PLAYER_1128,9/30/2024,750.0353,5175.765746,NA,NA,NA,NA,NA,NA
359,PLAYER_1128,10/2/2024,553.976659,3649.22843,NA,NA,NA,NA,NA,NA
360,PLAYER_1128,10/4/2024,799.57967,5869.099272,NA,NA,NA,NA,NA,NA
361,PLAYER_1128,10/5/2024,644.264496,4385.412729,NA,NA,NA,NA,NA,NA
362,PLAYER_1128,10/7/2024,730.516577,4700.621254,NA,NA,NA,NA,NA,NA
363,PLAYER_1128,10/8/2024,295.036078,1306.964471,NA,NA,NA,NA,NA,NA
364,PLAYER_1128,10/8/2024,600.000079,3908.096676,NA,NA,NA,NA,NA,NA
365,PLAYER_1128,10/9/2024,425.158163,2564.548325,NA,NA,NA,NA,NA,NA
366,PLAYER_1128,10/10/2024,940.341957,6968.297115,NA,NA,NA,NA,NA,NA
367,PLAYER_1128,10/11/2024,426.325383,2760.153209,NA,NA,NA,NA,NA,NA
368,PLAYER_1128,10/16/2024,426.351999,3159.112287,NA,NA,NA,NA,NA,NA
369,PLAYER_1128,10/17/2024,159.275201,775.830241,NA,NA,NA,NA,NA,NA
370,PLAYER_1128,10/17/2024,658.169088,4111.006087,NA,NA,NA,NA,NA,NA
371,PLAYER_1128,10/19/2024,900.484743,6484.888985,NA,NA,NA,NA,NA,NA
372,PLAYER_1128,10/21/2024,233.562901,1466.494018,NA,NA,NA,NA,NA,NA
373,PLAYER_1128,10/21/2024,670.601981,4418.277717,NA,NA,NA,NA,NA,NA
374,PLAYER_1128,10/21/2024,NA,NA,401,175.0365,333.5,145.57275,29.46375,67.5
375,PLAYER_1128,10/22/2024,5.861866,18.347951,NA,NA,NA,NA,NA,NA
376,PLAYER_1128,10/22/2024,808.248036,5929.904774,NA,NA,NA,NA,NA,NA
377,PLAYER_1128,10/23/2024,569.172498,3603.939046,NA,NA,NA,NA,NA,NA
378,PLAYER_1128,10/25/2024,209.114896,1280.297913,NA,NA,NA,NA,NA,NA
379,PLAYER_1128,10/25/2024,312.355513,2244.317072,NA,NA,NA,NA,NA,NA
380,PLAYER_1128,10/26/2024,735.540404,4885.379117,NA,NA,NA,NA,NA,NA
381,PLAYER_1128,10/28/2024,60.794489,326.649393,NA,NA,NA,NA,NA,NA
382,PLAYER_1128,10/28/2024,724.395012,4858.680905,NA,NA,NA,NA,NA,NA
383,PLAYER_1128,10/29/2024,481.135125,2792.618706,NA,NA,NA,NA,NA,NA
384,PLAYER_1128,10/30/2024,336.31511,2099.894692,NA,NA,NA,NA,NA,NA
385,PLAYER_1128,10/30/2024,8.199158,35.430611,NA,NA,NA,NA,NA,NA
386,PLAYER_1128,10/30/2024,691.987126,5325.506733,NA,NA,NA,NA,NA,NA
387,PLAYER_1128,10/31/2024,302.464544,1661.961034,NA,NA,NA,NA,NA,NA
388,PLAYER_1128,11/2/2024,609.25813,4100.463991,NA,NA,NA,NA,NA,NA
389,PLAYER_1128,11/3/2024,571.036991,3562.70258,NA,NA,NA,NA,NA,NA
390,PLAYER_1128,11/4/2024,971.226877,7070.896109,NA,NA,NA,NA,NA,NA
391,PLAYER_1128,11/6/2024,547.604908,3627.317439,NA,NA,NA,NA,NA,NA
392,PLAYER_1128,11/7/2024,977.144442,7041.617405,NA,NA,NA,NA,NA,NA
393,PLAYER_1128,11/13/2024,569.85338,3835.199919,NA,NA,NA,NA,NA,NA
394,PLAYER_1128,11/14/2024,806.089491,4970.005867,NA,NA,NA,NA,NA,NA
395,PLAYER_1128,11/15/2024,1047.846677,7413.765151,NA,NA,NA,NA,NA,NA
396,PLAYER_1128,11/17/2024,139.020655,825.267682,NA,NA,NA,NA,NA,NA
397,PLAYER_1128,11/17/2024,397.480253,2696.244531,NA,NA,NA,NA,NA,NA
398,PLAYER_1128,11/18/2024,844.442495,6318.730029,NA,NA,NA,NA,NA,NA
399,PLAYER_1128,11/21/2024,3.38361,6.333444,NA,NA,NA,NA,NA,NA
400,PLAYER_1128,11/21/2024,664.967042,3930.320886,NA,NA,NA,NA,NA,NA
401,PLAYER_1128,11/22/2024,666.309174,4362.141986,NA,NA,NA,NA,NA,NA
402,PLAYER_1128,11/23/2024,429.619406,2667.843371,NA,NA,NA,NA,NA,NA
403,PLAYER_1128,11/24/2024,852.240036,5964.588107,NA,NA,NA,NA,NA,NA
404,PLAYER_1128,11/25/2024,81.701129,499.885125,NA,NA,NA,NA,NA,NA
405,PLAYER_1128,11/26/2024,489.451737,3039.157569,NA,NA,NA,NA,NA,NA
406,PLAYER_1128,11/27/2024,1011.629284,7237.122349,NA,NA,NA,NA,NA,NA
407,PLAYER_1128,12/6/2024,782.83714,5207.050222,NA,NA,NA,NA,NA,NA
408,PLAYER_1128,12/7/2024,554.911966,3600.114136,NA,NA,NA,NA,NA,NA
409,PLAYER_1128,12/8/2024,1031.614946,7411.907531,NA,NA,NA,NA,NA,NA
410,PLAYER_1128,12/10/2024,642.506865,4132.715203,NA,NA,NA,NA,NA,NA
411,PLAYER_1128,12/12/2024,630.972041,4301.317829,NA,NA,NA,NA,NA,NA
412,PLAYER_1128,12/13/2024,675.583458,4491.631452,NA,NA,NA,NA,NA,NA
413,PLAYER_1128,12/14/2024,1107.809756,8418.734152,NA,NA,NA,NA,NA,NA
414,PLAYER_1128,12/16/2024,694.908629,4825.038257,NA,NA,NA,NA,NA,NA
415,PLAYER_1128,12/17/2024,649.596952,4366.64573,NA,NA,NA,NA,NA,NA
416,PLAYER_1128,12/18/2024,890.210234,6190.711832,NA,NA,NA,NA,NA,NA
417,PLAYER_1128,12/20/2024,808.680531,5437.317418,NA,NA,NA,NA,NA,NA
418,PLAYER_1128,12/21/2024,567.304102,3568.71613,NA,NA,NA,NA,NA,NA
419,PLAYER_1128,12/22/2024,1021.625615,7356.900868,NA,NA,NA,NA,NA,NA
420,PLAYER_1128,12/27/2024,610.47087,3942.206976,NA,NA,NA,NA,NA,NA
421,PLAYER_1128,12/28/2024,28.092595,133.311758,NA,NA,NA,NA,NA,NA
422,PLAYER_1128,12/28/2024,884.216794,6009.527456,NA,NA,NA,NA,NA,NA
423,PLAYER_1128,12/29/2024,608.93135,4311.385556,NA,NA,NA,NA,NA,NA
424,PLAYER_1128,12/29/2024,736.454312,5205.621068,NA,NA,NA,NA,NA,NA
425,PLAYER_1128,12/31/2024,586.509459,3530.601004,NA,NA,NA,NA,NA,NA
426,PLAYER_1128,1/1/2025,610.82187,3954.203273,NA,NA,NA,NA,NA,NA
427,PLAYER_1128,1/1/2025,5.773968,23.34393,NA,NA,NA,NA,NA,NA
428,PLAYER_1128,1/2/2025,477.830579,2982.295925,NA,NA,NA,NA,NA,NA
429,PLAYER_1128,1/3/2025,871.258101,6175.352249,NA,NA,NA,NA,NA,NA
430,PLAYER_1128,1/4/2025,330.568775,1849.533231,NA,NA,NA,NA,NA,NA
431,PLAYER_1128,1/5/2025,616.803739,4617.145988,NA,NA,NA,NA,NA,NA
432,PLAYER_1128,1/8/2025,307.778977,1548.114573,NA,NA,NA,NA,NA,NA
433,PLAYER_1128,1/9/2025,371.136302,2681.586603,NA,NA,NA,NA,NA,NA
434,PLAYER_1128,1/11/2025,266.702532,1732.837939,NA,NA,NA,NA,NA,NA
435,PLAYER_1128,1/12/2025,1143.989013,8078.205084,NA,NA,NA,NA,NA,NA
436,PLAYER_1128,1/15/2025,532.377513,3414.429785,NA,NA,NA,NA,NA,NA
437,PLAYER_1128,1/16/2025,387.998756,2437.88782,NA,NA,NA,NA,NA,NA
438,PLAYER_1128,1/17/2025,945.739048,6749.389474,NA,NA,NA,NA,NA,NA
439,PLAYER_1128,1/21/2025,312.883119,1497.070054,NA,NA,NA,NA,NA,NA
440,PLAYER_1128,1/22/2025,568.357621,3832.855903,NA,NA,NA,NA,NA,NA
441,PLAYER_1128,1/23/2025,607.737104,4032.601294,NA,NA,NA,NA,NA,NA
442,PLAYER_1128,1/24/2025,770.174743,5260.587425,NA,NA,NA,NA,NA,NA
443,PLAYER_1128,1/25/2025,433.858457,2519.990044,NA,NA,NA,NA,NA,NA
444,PLAYER_1128,1/26/2025,1074.727697,7672.450545,NA,NA,NA,NA,NA,NA
445,PLAYER_1128,1/28/2025,453.570797,2830.933536,NA,NA,NA,NA,NA,NA
446,PLAYER_1128,1/29/2025,497.298949,3200.647414,NA,NA,NA,NA,NA,NA
447,PLAYER_1128,1/30/2025,513.596886,3378.762041,NA,NA,NA,NA,NA,NA
448,PLAYER_1128,1/31/2025,883.244077,6611.146616,NA,NA,NA,NA,NA,NA
449,PLAYER_1128,2/1/2025,289.887653,1804.766201,NA,NA,NA,NA,NA,NA
450,PLAYER_1128,2/2/2025,841.385917,5922.168003,NA,NA,NA,NA,NA,NA
451,PLAYER_1128,2/3/2025,356.630124,1949.941479,NA,NA,NA,NA,NA,NA
452,PLAYER_1128,2/5/2025,572.642299,3815.060724,NA,NA,NA,NA,NA,NA
453,PLAYER_1128,2/6/2025,571.790693,3476.550938,NA,NA,NA,NA,NA,NA
454,PLAYER_1128,2/7/2025,1023.819974,7256.350443,NA,NA,NA,NA,NA,NA
455,PLAYER_1128,2/12/2025,550.980938,3616.323043,NA,NA,NA,NA,NA,NA
456,PLAYER_1128,2/13/2025,488.892143,3484.428272,NA,NA,NA,NA,NA,NA
457,PLAYER_1128,2/14/2025,1060.519484,7546.893039,NA,NA,NA,NA,NA,NA
458,PLAYER_1128,2/15/2025,524.120715,3555.022381,NA,NA,NA,NA,NA,NA
459,PLAYER_1128,2/18/2025,0.562485,0.935333,NA,NA,NA,NA,NA,NA
460,PLAYER_1128,2/20/2025,730.660208,5239.304292,NA,NA,NA,NA,NA,NA
461,PLAYER_1128,2/21/2025,287.196161,1972.582174,NA,NA,NA,NA,NA,NA
462,PLAYER_1128,2/22/2025,508.321334,3230.347572,NA,NA,NA,NA,NA,NA
463,PLAYER_1128,2/23/2025,704.19227,5127.953931,NA,NA,NA,NA,NA,NA
464,PLAYER_1128,2/24/2025,488.580974,3422.598682,NA,NA,NA,NA,NA,NA
465,PLAYER_1128,2/26/2025,516.577153,3717.571306,NA,NA,NA,NA,NA,NA
466,PLAYER_1128,2/27/2025,606.713236,3868.312191,NA,NA,NA,NA,NA,NA
467,PLAYER_1128,2/28/2025,975.755287,7120.603131,NA,NA,NA,NA,NA,NA
468,PLAYER_1128,3/1/2025,319.739778,2094.462193,NA,NA,NA,NA,NA,NA
469,PLAYER_1128,3/2/2025,925.603446,6805.957873,NA,NA,NA,NA,NA,NA
470,PLAYER_1128,3/5/2025,528.900621,3274.381138,NA,NA,NA,NA,NA,NA
471,PLAYER_1128,3/6/2025,1091.091943,8094.848916,NA,NA,NA,NA,NA,NA
472,PLAYER_1128,3/7/2025,327.12982,1900.382044,NA,NA,NA,NA,NA,NA
473,PLAYER_1128,3/8/2025,1064.086101,7747.752569,NA,NA,NA,NA,NA,NA
474,PLAYER_1128,3/10/2025,486.267654,3414.855932,NA,NA,NA,NA,NA,NA
475,PLAYER_1128,3/11/2025,436.49985,2937.511473,NA,NA,NA,NA,NA,NA
476,PLAYER_1128,3/12/2025,861.58782,6454.832766,NA,NA,NA,NA,NA,NA
